-- MySQL dump 10.13  Distrib 5.7.19, for Linux (x86_64)
--
-- Host: localhost    Database: nbadb
-- ------------------------------------------------------
-- Server version	5.7.19-0ubuntu0.16.04.1

/*!40101 SET @OLD_CHARACTER_SET_CLIENT=@@CHARACTER_SET_CLIENT */;
/*!40101 SET @OLD_CHARACTER_SET_RESULTS=@@CHARACTER_SET_RESULTS */;
/*!40101 SET @OLD_COLLATION_CONNECTION=@@COLLATION_CONNECTION */;
/*!40101 SET NAMES utf8 */;
/*!40103 SET @OLD_TIME_ZONE=@@TIME_ZONE */;
/*!40103 SET TIME_ZONE='+00:00' */;
/*!40014 SET @OLD_UNIQUE_CHECKS=@@UNIQUE_CHECKS, UNIQUE_CHECKS=0 */;
/*!40014 SET @OLD_FOREIGN_KEY_CHECKS=@@FOREIGN_KEY_CHECKS, FOREIGN_KEY_CHECKS=0 */;
/*!40101 SET @OLD_SQL_MODE=@@SQL_MODE, SQL_MODE='NO_AUTO_VALUE_ON_ZERO' */;
/*!40111 SET @OLD_SQL_NOTES=@@SQL_NOTES, SQL_NOTES=0 */;

--
-- Table structure for table `coaches`
--

DROP TABLE IF EXISTS `coaches`;
/*!40101 SET @saved_cs_client     = @@character_set_client */;
/*!40101 SET character_set_client = utf8 */;
CREATE TABLE `coaches` (
  `CoachID` varchar(5) DEFAULT NULL,
  `Name` varchar(30) DEFAULT NULL,
  `CoachAPIID` varchar(50) DEFAULT NULL,
  `TeamID` varchar(30) DEFAULT NULL,
  `DOB` varchar(30) DEFAULT NULL,
  `WinLoss` varchar(10) DEFAULT NULL,
  `Recognitions` varchar(1000) DEFAULT NULL,
  `PastTeams` varchar(2000) DEFAULT NULL,
  `PlayersCoached` varchar(2000) DEFAULT NULL,
  `ImageURL` varchar(500) DEFAULT NULL
) ENGINE=InnoDB DEFAULT CHARSET=latin1;
/*!40101 SET character_set_client = @saved_cs_client */;

--
-- Dumping data for table `coaches`
--

LOCK TABLES `coaches` WRITE;
/*!40000 ALTER TABLE `coaches` DISABLE KEYS */;
INSERT INTO `coaches` VALUES ('310','Mike Budenholzer','mikebudenholzer','atlantahawks',NULL,NULL,NULL,NULL,'tylerdorsey,marcobelinelli,malcolmdelaney,ersanilyasova,lukebabbitt,joshmagette,taureanprince,dewaynededmon,nicolasbrussino,dennisschroder,milesplumlee,johncollins,isaiahtaylor,kentbazemore,mikemuscala,deandrebembry',NULL),('311','Brad Stevens','bradstevens','bostonceltics',NULL,NULL,NULL,NULL,'jaysontatum,jaylenbrown,shanelarkin,kyrieirving,terryrozier,marcusmorris,gordonhayward,jabaribird,danieltheis,abdelnader,guerschonyabusele,marcussmart,semiojeleye,alhorford,kadeemallen,aronbaynes',NULL),('312','Kenny Atkinson','kennyatkinson','brooklynnets',NULL,NULL,NULL,NULL,'yakubaouattara,dangelorussell,seankilpatrick,jeremylin,spencerdinwiddie,demarrecarroll,joeharris,quincyacy,isaiahwhitehead,timofeymozgov,jacobwiley,carislevert,rondaehollisjefferson,jarrettallen,allencrabbe,trevorbooker,tylerzeller',NULL),('313','Steve Clifford','steveclifford','charlottehornets',NULL,NULL,NULL,NULL,'malikmonk,marvinwilliams,jeremylamb,marcuspaige,nicolasbatum,dwaynebacon,johnnyobryantiii,mangokmathiang,michaelcarterwilliams,dwighthoward,michaelkiddgilchrist,kembawalker,treveongraham,julyanstone,codyzeller,frankkaminsky',NULL),('314','Fred Hoiberg','fredhoiberg','chicagobulls',NULL,NULL,NULL,NULL,'jeriangrant,kayfelder,bobbyportis,cristianofelicio,justinholiday,zachlavine,antonioblakeney,davidnwaba,ryanarcidiacono,paulzipser,quincypondexter,cameronpayne,laurimarkkanen,krisdunn,robinlopez,nikolamirotic,denzelvalentine',NULL),('315','Tyronn Lue','tyronnlue','clevelandcavaliers',NULL,NULL,NULL,NULL,'kevinlove,derrickrose,isaiahthomas,imanshumpert,jrsmith,channingfrye,dwyanewade,johnholland,tristanthompson,londonperrantes,cediosman,lebronjames,kylekorver,jeffgreen,antezizic,josecalderon,jaecrowder',NULL),('316','Rick Carlisle','rickcarlisle','dallasmavericks',NULL,NULL,NULL,NULL,'dennissmithjr,nerlensnoel,jjbarea,johnathanmotley,dwightpowell,gianclavell,dorianfinneysmith,yogiferrell,joshmcroberts,jeffwithey,wesleymatthews,sethcurry,devinharris,harrisonbarnes,dirknowitzki,maxikleber,salahmejri',NULL),('317','Michael Malone','michaelmalone','denvernuggets',NULL,NULL,NULL,NULL,'darrellarthur,emmanuelmudiay,torreycraig,paulmillsap,willbarton,treylyles,montemorris,garyharris,nikolajokic,tylerlydon,wilsonchandler,richardjefferson,masonplumlee,malikbeasley,jamalmurray,kennethfaried,juanhernangomez',NULL),('318','Stan Van Gundy','stanvangundy','detroitpistons',NULL,NULL,NULL,NULL,'andredrummond,reggiejackson,lukekennard,stanleyjohnson,henryellenson,langstongalloway,ishsmith,dwightbuycks,averybradley,ericmoreland,reggiebullock,jonleuer,tobiasharris,anthonytolliver,luismontero,bobanmarjanovic',NULL),('319','Steve Kerr','stevekerr','goldenstatewarriors',NULL,NULL,NULL,NULL,'patrickmccaw,javalemcgee,jordanbell,davidwest,quinncook,kevonlooney,nickyoung,andreiguodala,klaythompson,damianjones,omricasspi,draymondgreen,chrisboucher,zazapachulia,stephencurry,shaunlivingston,kevindurant',NULL),('320','Mike D\'Antoni','mikedantoni','houstonrockets',NULL,NULL,NULL,NULL,'trevorariza,demetriusjackson,chrispaul,pjtucker,troywilliams,bobbybrown,zhouqi,ericgordon,lucmbahamoute,jamesharden,clintcapela,chinanuonuaku,tarikblack,ryananderson,nene',NULL),('321','Nate McMillan','natemcmillan','indianapacers',NULL,NULL,NULL,NULL,'alexpoythress,lancestephenson,darrencollison,joeyoung,victoroladipo,edmondsumner,coryjoseph,domantassabonis,damienwilkins,ikeanigbogu,thaddeusyoung,tjleaf,aljefferson,mylesturner,glennrobinsoniii,bojanbogdanovic',NULL),('322','Doc Rivers','docrivers','laclippers',NULL,NULL,NULL,NULL,'sindariusthornwell,jawunevans,milosteodosic,montrezlharrell,deandrejordan,samdekker,danilogallinari,cjwilliams,bricejohnson,jamilwilson,patrickbeverley,louwilliams,austinrivers,blakegriffin,wesleyjohnson,williereed',NULL),('323','Luke Walton','lukewalton','losangeleslakers',NULL,NULL,NULL,NULL,'kylekuzma,kentaviouscaldwellpope,lonzoball,coreybrewer,alexcaruso,joshhart,jordanclarkson,larrynancejr,luoldeng,tylerennis,brooklopez,brandoningram,vanderblue,juliusrandle,thomasbryant,ivicazubac,andrewbogut',NULL),('324','David Fizdale','davidfizdale','memphisgrizzlies',NULL,NULL,NULL,NULL,'jamychalgreen,jarellmartin,kobisimmons,andrewharrison,mariochalmers,wayneselden,jamesennisiii,ivanrabb,mikeconley,tyrekeevans,deyontadavis,benmclemore,dillonbrooks,chandlerparsons,vincehunter,marcgasol,brandanwright',NULL),('325','Erik Spoelstra','erikspoelstra','miamiheat',NULL,NULL,NULL,NULL,'joshrichardson,wayneellington,ajhammons,gorandragic,tylerjohnson,kellyolynyk,dionwaiters,mattwilliamsjr,bamadebayo,derrickwaltonjr,okarowhite,jamesjohnson,rodneymcgruder,justisewinslow,hassanwhiteside,jordanmickey,udonishaslem',NULL),('326','Jason Kidd','jasonkidd','milwaukeebucks',NULL,NULL,NULL,NULL,'garypaytonii,jasonterry,djwilson,thonmaker,matthewdellavedova,jabariparker,malcolmbrogdon,gregmonroe,rashadvaughn,tonysnell,khrismiddleton,sterlingbrown,joelbolomboy,deandreliggins,johnhenson,giannisantetokounmpo,mirzateletovic',NULL),('327','Tom Thibodeau','tomthibodeau','minnesotatimberwolves',NULL,NULL,NULL,NULL,'jeffteague,tyusjones,anthonybrown,gorguidieng,nemanjabjelica,jamalcrawford,marcusgeorgeshunt,shabazzmuhammad,andrewwiggins,jimmybutler,justinpatton,aaronbrooks,karlanthonytowns,colealdrich,tajgibson',NULL),('328','Alvin Gentry','alvingentry','neworleanspelicans',NULL,NULL,NULL,NULL,'demarcuscousins,jameernelson,ianclark,omerasik,charlescooke,rajonrondo,jrueholiday,jalenjones,cheickdiallo,frankjackson,dariusmiller,anthonydavis,tonyallen,dantecunningham,alexisajinca,solomonhill,etwaunmoore',NULL),('329','Jeff Hornacek','jeffhornacek','newyorkknicks',NULL,NULL,NULL,NULL,'eneskanter,ramonsessions,lukekornet,timhardawayjr,isaiahhicks,courtneylee,kristapsporzingis,michaelbeasley,kyleoquinn,frankntilikina,joakimnoah,willyhernangomez,dougmcdermott,damyeandotson,ronbaker,lancethomas,jarrettjack,mindaugaskuzminskas',NULL),('330','Billy Donovan','billydonovan','oklahomacitythunder',NULL,NULL,NULL,NULL,'russellwestbrook,raymondfelton,nickcollison,carmeloanthony,alexabrines,jeramigrant,stevenadams,paulgeorge,kylesingler,andreroberson,terranceferguson,danielhamilton,joshhuestis,pjdozier,dakarijohnson,patrickpatterson',NULL),('331','Frank Vogel','frankvogel','orlandomagic',NULL,NULL,NULL,NULL,'jamelartis,aarongordon,jonathanisaac,elfridpayton,arronafflalo,marreesespeights,shelvinmack,mariohezonja,nikolavucevic,evanfournier,bismackbiyombo,djaugustin,jonathonsimmons,khembirch,wesiwundu,terrenceross,adreianpayne',NULL),('332','Brett Brown','brettbrown','philadelphiaers',NULL,NULL,NULL,NULL,'jerrydbayless,jacobpullen,justinanderson,amirjohnson,timotheluwawucabarrot,jahlilokafor,dariosaric,nikstauskas,tjmcconnell,jamesmichaelmcadoo,jjredick,markellefultz,joelembiid,richaunholmes,bensimmons,furkankorkmaz,robertcovington',NULL),('333','Jay Triano','jaytriano','phoenixsuns',NULL,NULL,NULL,NULL,'marquesechriss,devinbooker,ericbledsoe,jareddudley,tysonchandler,tylerulis,derrickjonesjr,brandonknight,tjwarren,alanwilliams,joshjackson,alexlen,alecpeters,troydaniels,davonreed,draganbender,mikejames',NULL),('334','Terry Stotts','terrystotts','portlandtrailblazers',NULL,NULL,NULL,NULL,'damianlillard,evanturner,wadebaldwiniv,cjmccollum,mauriceharkless,patconnaughton,shabazznapier,alfarouqaminu,jakelayman,meyersleonard,eddavis,noahvonleh,cjwilcox,jusufnurkic,zachcollins,calebswanigan',NULL),('335','David Joerger','davidjoerger','sacramentokings',NULL,NULL,NULL,NULL,'williecauleystein,georgehill,deaaronfox,skallabissiere,bogdanbogdanovic,frankmason,georgiospapagiannis,vincecarter,garretttemple,harrygiles,malachirichardson,buddyhield,justinjackson,jakarrsampson,kostakoufos,jackcooley,zachrandolph',NULL),('336','Gregg Popovich','greggpopovich','sanantoniospurs',NULL,NULL,NULL,NULL,'kyleanderson,kawhileonard,brandonpaul,derrickwhite,dejountemurray,pattymills,tonyparker,mattcostello,brynforbes,lamarcusaldridge,dannygreen,paugasol,manuginobili,rudygay,darrunhilliard,davisbertans,joffreylauvergne',NULL),('337','Dwane Casey','dwanecasey','torontoraptors',NULL,NULL,NULL,NULL,'cjmiles,oganunoby,lorenzobrown,brunocaboclo,kylelowry,sergeibaka,demarderozan,malcolmmiller,jonasvalanciunas,fredvanvleet,normanpowell,alfonzomckinnie,jakobpoeltl,pascalsiakam,delonwright,lucasnogueira',NULL),('338','Quin Snyder','quinsnyder','utahjazz',NULL,NULL,NULL,NULL,'joeingles,rickyrubio,rodneyhood,joejohnson,jonasjerebko,alecburks,danteexum,tonybradley,derrickfavors,natewolters,ericgriffin,thabosefolosha,royceoneale,raulneto,rudygobert,ekpeudoh,donovanmitchell',NULL),('339','Scott Brooks','scottbrooks','washingtonwizards',NULL,NULL,NULL,NULL,'chrismccullough,johnwall,bradleybeal,mikeyoung,markieffmorris,devinrobinson,timfrazier,sheldonmac,kellyoubrejr,marcingortat,jasonsmith,jodiemeeks,carrickfelix,ottoporterjr,ianmahinmi,mikescott,tomassatoransky',NULL);
/*!40000 ALTER TABLE `coaches` ENABLE KEYS */;
UNLOCK TABLES;

--
-- Table structure for table `players`
--

DROP TABLE IF EXISTS `players`;
/*!40101 SET @saved_cs_client     = @@character_set_client */;
/*!40101 SET character_set_client = utf8 */;
CREATE TABLE `players` (
  `PlayerID` varchar(15) DEFAULT NULL,
  `Name` varchar(60) DEFAULT NULL,
  `PlayerAPIID` varchar(50) DEFAULT NULL,
  `TeamID` varchar(30) DEFAULT NULL,
  `JerseyNumber` int(2) DEFAULT NULL,
  `Position` varchar(10) DEFAULT NULL,
  `Height` varchar(10) DEFAULT NULL,
  `Weight` int(3) DEFAULT NULL,
  `DOB` varchar(20) DEFAULT NULL,
  `PreNBA` varchar(30) DEFAULT NULL,
  `Recognitions` varchar(2000) DEFAULT NULL,
  `PastTeams` varchar(2000) DEFAULT NULL,
  `CareerStats` varchar(1000) DEFAULT NULL,
  `ImageURL` varchar(500) DEFAULT NULL
) ENGINE=InnoDB DEFAULT CHARSET=latin1;
/*!40101 SET character_set_client = @saved_cs_client */;

--
-- Dumping data for table `players`
--

LOCK TABLES `players` WRITE;
/*!40000 ALTER TABLE `players` DISABLE KEYS */;
INSERT INTO `players` VALUES ('1628416','Tyler Dorsey','tylerdorsey','atlantahawks',2,'G','6-4',183,'FEB 18, 1996','410',NULL,NULL,'2.9,0.0,0.0,0.0,0.0,0.7,0.0,0.0','https://ak-static.cms.nba.com/wp-content/uploads/headshots/nba/1610612737/2017/260x190/1628416.png'),('201158','Marco Belinelli','marcobelinelli','atlantahawks',3,'G-F','6-5',210,'MAR 25, 1986','411',NULL,NULL,'23.2,42.4,37.8,83.3,9.7,2.1,1.7,0.1','https://ak-static.cms.nba.com/wp-content/uploads/headshots/nba/1610612737/2017/260x190/201158.png'),('1627098','Malcolm Delaney','malcolmdelaney','atlantahawks',5,'G','6-3',190,'MAR 11, 1989','412',NULL,NULL,'17.4,36.9,24.8,78.6,5.4,1.7,2.6,0.0','https://ak-static.cms.nba.com/wp-content/uploads/headshots/nba/1610612737/2017/260x190/1627098.png'),('101141','Ersan Ilyasova','ersanilyasova','atlantahawks',7,'F','6-10',235,'MAY 15, 1987','413',NULL,NULL,'24.4,44.1,36.5,77.0,10.9,6.0,1.2,0.4','https://ak-static.cms.nba.com/wp-content/uploads/headshots/nba/1610612737/2017/260x190/101141.png'),('202337','Luke Babbitt','lukebabbitt','atlantahawks',8,'F','6-9',225,'JUN 20, 1989','414',NULL,NULL,'13.9,40.7,40.5,74.7,4.7,2.3,0.6,0.2','https://ak-static.cms.nba.com/wp-content/uploads/headshots/nba/1610612737/2017/260x190/202337.png'),('203705','Josh Magette','joshmagette','atlantahawks',11,'G','6-1',160,'NOV 28, 1989','415',NULL,NULL,'4.8,50.0,100.0,0.0,1.0,0.3,1.0,0.0','https://ak-static.cms.nba.com/wp-content/uploads/headshots/nba/1610612737/2017/260x190/203705.png'),('1627752','Taurean Prince','taureanprince','atlantahawks',12,'F','6-8',220,'MAR 22, 1994','416',NULL,NULL,'17.4,41.2,34.5,79.8,6.2,2.9,1.0,0.4','https://ak-static.cms.nba.com/wp-content/uploads/headshots/nba/1610612737/2017/260x190/1627752.png'),('203473','Dewayne Dedmon','dewaynededmon','atlantahawks',14,'C','7-0',245,'AUG 12, 1989','417',NULL,NULL,'14.8,56.7,28.6,66.9,4.3,5.1,0.3,0.8','https://ak-static.cms.nba.com/wp-content/uploads/headshots/nba/1610612737/2017/260x190/203473.png'),('1627852','Nicolas Brussino','nicolasbrussino','atlantahawks',16,'F','6-8',195,'MAR 02, 1993','418',NULL,NULL,'9.5,36.6,30.2,77.3,2.7,1.7,0.9,0.1','https://ak-static.cms.nba.com/wp-content/uploads/headshots/nba/1610612737/2017/260x190/1627852.png'),('203471','Dennis Schroder','dennisschroder','atlantahawks',17,'G','6-1',172,'SEP 15, 1993','419',NULL,NULL,'22.1,43.3,32.8,82.0,11.5,2.4,4.4,0.1','https://ak-static.cms.nba.com/wp-content/uploads/headshots/nba/1610612737/2017/260x190/203471.png'),('203101','Miles Plumlee','milesplumlee','atlantahawks',18,'C','6-11',249,'SEP 01, 1988','420',NULL,NULL,'16.7,53.0,0.0,56.4,5.1,4.7,0.4,0.8','https://ak-static.cms.nba.com/wp-content/uploads/headshots/nba/1610612737/2017/260x190/203101.png'),('1628381','John Collins','johncollins','atlantahawks',20,'F-C','6-10',235,'SEP 23, 1997','421',NULL,NULL,'19.3,52.8,0.0,81.8,11.8,7.8,0.8,1.0','https://ak-static.cms.nba.com/wp-content/uploads/headshots/nba/1610612737/2017/260x190/1628381.png'),('1627819','Isaiah Taylor','isaiahtaylor','atlantahawks',22,'G','6-3',170,'JUL 11, 1994','422',NULL,NULL,'11.1,22.2,0.0,75.0,1.2,0.7,0.8,0.2','https://ak-static.cms.nba.com/wp-content/uploads/headshots/nba/1610612737/2017/260x190/1627819.png'),('203145','Kent Bazemore','kentbazemore','atlantahawks',24,'F-G','6-5',201,'JUL 01, 1989','423',NULL,NULL,'18.8,42.3,34.9,69.5,7.4,2.8,1.6,0.4','https://ak-static.cms.nba.com/wp-content/uploads/headshots/nba/1610612737/2017/260x190/203145.png'),('203488','Mike Muscala','mikemuscala','atlantahawks',31,'F-C','6-11',240,'JUL 01, 1991','424',NULL,NULL,'13.4,50.3,37.9,81.6,4.8,2.8,0.8,0.5','https://ak-static.cms.nba.com/wp-content/uploads/headshots/nba/1610612737/2017/260x190/203488.png'),('1627761','DeAndre\' Bembry','deandrebembry','atlantahawks',95,'F-G','6-6',210,'JUL 04, 1994','425',NULL,NULL,'10.0,48.1,5.3,37.5,2.7,1.7,0.7,0.2','https://ak-static.cms.nba.com/wp-content/uploads/headshots/nba/1610612737/2017/260x190/1627761.png'),('1628369','Jayson Tatum','jaysontatum','bostonceltics',0,'F','6-8',205,'MAR 03, 1998','420',NULL,NULL,'35.3,40.7,20.0,82.4,12.3,9.0,1.7,1.0','https://ak-static.cms.nba.com/wp-content/uploads/headshots/nba/1610612738/2017/260x190/1628369.png'),('1627759','Jaylen Brown','jaylenbrown','bostonceltics',7,'F','6-7',225,'OCT 24, 1996','426',NULL,NULL,'17.9,45.4,34.0,67.2,7.0,3.0,0.8,0.2','https://ak-static.cms.nba.com/wp-content/uploads/headshots/nba/1610612738/2017/260x190/1627759.png'),('203499','Shane Larkin','shanelarkin','bostonceltics',8,'G','5-11',175,'OCT 02, 1992','427',NULL,NULL,'20.2,43.2,33.2,76.2,5.8,2.0,3.2,0.1','https://ak-static.cms.nba.com/wp-content/uploads/headshots/nba/1610612738/2017/260x190/203499.png'),('202681','Kyrie Irving','kyrieirving','bostonceltics',11,'G','6-3',193,'MAR 23, 1992','420',NULL,NULL,'34.2,45.6,38.3,87.3,21.6,3.4,5.6,0.3','https://ak-static.cms.nba.com/wp-content/uploads/headshots/nba/1610612738/2017/260x190/202681.png'),('1626179','Terry Rozier','terryrozier','bostonceltics',12,'G','6-2',190,'MAR 17, 1994','428',NULL,NULL,'14.2,35.5,31.4,75.9,4.5,2.6,1.5,0.1','https://ak-static.cms.nba.com/wp-content/uploads/headshots/nba/1610612738/2017/260x190/1626179.png'),('202694','Marcus Morris','marcusmorris','bostonceltics',13,'F','6-9',235,'SEP 02, 1989','429',NULL,NULL,'26.3,42.8,35.5,71.7,10.8,4.2,1.6,0.3','https://ak-static.cms.nba.com/wp-content/uploads/headshots/nba/1610612738/2017/260x190/202694.png'),('202330','Gordon Hayward','gordonhayward','bostonceltics',20,'F','6-8',226,'MAR 23, 1990','430',NULL,NULL,'31.3,44.4,36.8,82.0,15.6,4.2,3.4,0.4','https://ak-static.cms.nba.com/wp-content/uploads/headshots/nba/1610612738/2017/260x190/202330.png'),('1628444','Jabari Bird','jabaribird','bostonceltics',26,'G','6-6',198,'JUL 03, 1994','426',NULL,NULL,'13.6,0.0,0.0,60.0,3.0,1.0,0.0,0.0','https://ak-static.cms.nba.com/wp-content/uploads/headshots/nba/1610612738/2017/260x190/1628444.png'),('1628464','Daniel Theis','danieltheis','bostonceltics',27,'F-C','6-9',243,'APR 04, 1992','418',NULL,NULL,'7.7,50.0,0.0,100.0,3.0,2.5,0.5,0.5','https://ak-static.cms.nba.com/wp-content/uploads/headshots/nba/1610612738/2017/260x190/1628464.png'),('1627846','Abdel Nader','abdelnader','bostonceltics',28,'F','6-6',230,'SEP 25, 1993','431',NULL,NULL,'9.2,33.3,0.0,0.0,2.0,1.0,0.5,0.0','https://ak-static.cms.nba.com/wp-content/uploads/headshots/nba/1610612738/2017/260x190/1627846.png'),('1627824','Guerschon Yabusele','guerschonyabusele','bostonceltics',30,'F','6-8',260,'DEC 17, 1995','418',NULL,NULL,'3.3,50.0,100.0,0.0,3.0,1.0,0.0,0.0','https://ak-static.cms.nba.com/wp-content/uploads/headshots/nba/1610612738/2017/260x190/1627824.png'),('203935','Marcus Smart','marcussmart','bostonceltics',36,'G','6-4',220,'MAR 06, 1994','432',NULL,NULL,'28.4,35.7,29.1,75.5,9.3,3.8,3.7,0.3','https://ak-static.cms.nba.com/wp-content/uploads/headshots/nba/1610612738/2017/260x190/203935.png'),('1628400','Semi Ojeleye','semiojeleye','bostonceltics',37,'F','6-7',235,'DEC 05, 1994','433',NULL,NULL,'10.2,25.0,33.3,0.0,1.5,0.5,0.0,0.0','https://ak-static.cms.nba.com/wp-content/uploads/headshots/nba/1610612738/2017/260x190/1628400.png'),('201143','Al Horford','alhorford','bostonceltics',42,'C-F','6-10',245,'JUN 03, 1986','434',NULL,NULL,'33.3,52.8,34.5,74.9,14.3,8.7,3.0,1.2','https://ak-static.cms.nba.com/wp-content/uploads/headshots/nba/1610612738/2017/260x190/201143.png'),('1628443','Kadeem Allen','kadeemallen','bostonceltics',45,'G','6-3',200,'JAN 15, 1993','435',NULL,NULL,NULL,'https://ak-static.cms.nba.com/wp-content/uploads/headshots/nba/1610612738/2017/260x190/1628443.png'),('203382','Aron Baynes','aronbaynes','bostonceltics',46,'C-F','6-10',260,'DEC 09, 1986','436',NULL,NULL,'14.1,51.6,14.3,80.5,5.2,4.1,0.5,0.4','https://ak-static.cms.nba.com/wp-content/uploads/headshots/nba/1610612738/2017/260x190/203382.png'),('1628473','Yakuba Ouattara','yakubaouattara','brooklynnets',0,'G','6-4',220,'JAN 24, 1992','418',NULL,NULL,NULL,'https://ak-static.cms.nba.com/wp-content/uploads/headshots/nba/1610612751/2017/260x190/1628473.png'),('1626156','D\'Angelo Russell','dangelorussell','brooklynnets',1,'G','6-5',195,'FEB 23, 1996','437',NULL,NULL,'28.5,41.0,35.2,75.9,14.4,3.5,4.0,0.2','https://ak-static.cms.nba.com/wp-content/uploads/headshots/nba/1610612751/2017/260x190/1626156.png'),('203930','Sean Kilpatrick','seankilpatrick','brooklynnets',6,'G','6-4',212,'JAN 06, 1990','438',NULL,NULL,'23.3,42.4,34.0,85.6,12.2,3.3,1.8,0.1','https://ak-static.cms.nba.com/wp-content/uploads/headshots/nba/1610612751/2017/260x190/203930.png'),('202391','Jeremy Lin','jeremylin','brooklynnets',7,'G','6-3',200,'AUG 23, 1988','439',NULL,NULL,'26.6,43.3,35.0,80.5,12.0,2.9,4.5,0.4','https://ak-static.cms.nba.com/wp-content/uploads/headshots/nba/1610612751/2017/260x190/202391.png'),('203915','Spencer Dinwiddie','spencerdinwiddie','brooklynnets',8,'G','6-6',200,'APR 06, 1993','440',NULL,NULL,'18.6,38.7,29.2,77.7,6.1,2.2,3.0,0.3','https://ak-static.cms.nba.com/wp-content/uploads/headshots/nba/1610612751/2017/260x190/203915.png'),('201960','DeMarre Carroll','demarrecarroll','brooklynnets',9,'F','6-8',215,'JUL 27, 1986','441',NULL,NULL,'23.0,44.3,36.2,72.8,8.1,3.8,1.1,0.3','https://ak-static.cms.nba.com/wp-content/uploads/headshots/nba/1610612751/2017/260x190/201960.png'),('203925','Joe Harris','joeharris','brooklynnets',12,'G','6-6',219,'SEP 06, 1991','442',NULL,NULL,'15.3,42.1,38.3,68.8,5.3,1.8,0.8,0.1','https://ak-static.cms.nba.com/wp-content/uploads/headshots/nba/1610612751/2017/260x190/203925.png'),('203112','Quincy Acy','quincyacy','brooklynnets',13,'F','6-7',240,'OCT 06, 1990','416',NULL,NULL,'15.2,48.2,37.3,75.0,4.7,3.5,0.6,0.4','https://ak-static.cms.nba.com/wp-content/uploads/headshots/nba/1610612751/2017/260x190/203112.png'),('1627785','Isaiah Whitehead','isaiahwhitehead','brooklynnets',15,'G','6-4',213,'MAR 08, 1995','443',NULL,NULL,'22.5,40.2,29.5,80.5,7.4,2.5,2.6,0.5','https://ak-static.cms.nba.com/wp-content/uploads/headshots/nba/1610612751/2017/260x190/1627785.png'),('202389','Timofey Mozgov','timofeymozgov','brooklynnets',20,'C','7-1',275,'JUL 16, 1986','444',NULL,NULL,'18.5,53.3,16.7,73.7,6.9,5.0,0.6,0.9','https://ak-static.cms.nba.com/wp-content/uploads/headshots/nba/1610612751/2017/260x190/202389.png'),('1628451','Jacob Wiley','jacobwiley','brooklynnets',21,'F','6-8',223,'SEP 04, 1994','445',NULL,NULL,NULL,'https://ak-static.cms.nba.com/wp-content/uploads/headshots/nba/1610612751/2017/260x190/1628451.png'),('1627747','Caris LeVert','carislevert','brooklynnets',22,'G-F','6-7',203,'AUG 25, 1994','446',NULL,NULL,'22.0,44.6,30.9,70.8,8.4,3.3,2.0,0.2','https://ak-static.cms.nba.com/wp-content/uploads/headshots/nba/1610612751/2017/260x190/1627747.png'),('1626178','Rondae Hollis-Jefferson','rondaehollisjefferson','brooklynnets',24,'F','6-7',214,'JAN 03, 1995','435',NULL,NULL,'22.3,44.0,23.2,75.1,8.0,5.6,1.8,0.6','https://ak-static.cms.nba.com/wp-content/uploads/headshots/nba/1610612751/2017/260x190/1626178.png'),('1628386','Jarrett Allen','jarrettallen','brooklynnets',31,'C','6-11',234,'APR 21, 1998','422',NULL,NULL,'14.7,50.0,0.0,62.5,6.5,3.0,0.0,2.5','https://ak-static.cms.nba.com/wp-content/uploads/headshots/nba/1610612751/2017/260x190/1628386.png'),('203459','Allen Crabbe','allencrabbe','brooklynnets',33,'G-F','6-6',215,'APR 09, 1992','426',NULL,NULL,'22.8,45.7,41.3,85.2,8.4,2.3,1.1,0.2','https://ak-static.cms.nba.com/wp-content/uploads/headshots/nba/1610612751/2017/260x190/203459.png'),('202344','Trevor Booker','trevorbooker','brooklynnets',35,'F','6-8',228,'NOV 25, 1987','447',NULL,NULL,'21.0,51.6,31.3,62.8,7.1,5.7,1.0,0.5','https://ak-static.cms.nba.com/wp-content/uploads/headshots/nba/1610612751/2017/260x190/202344.png'),('203092','Tyler Zeller','tylerzeller','brooklynnets',44,'C','7-0',250,'JAN 17, 1990','448',NULL,NULL,'17.8,49.9,0.0,76.9,7.0,4.4,0.9,0.6','https://ak-static.cms.nba.com/wp-content/uploads/headshots/nba/1610612751/2017/260x190/203092.png'),('1628370','Malik Monk','malikmonk','charlottehornets',1,'G','6-3',200,'FEB 04, 1998','449',NULL,NULL,'19.2,18.2,21.4,100.0,4.3,1.3,0.7,0.0','https://ak-static.cms.nba.com/wp-content/uploads/headshots/nba/1610612766/2017/260x190/1628370.png'),('101107','Marvin Williams','marvinwilliams','charlottehornets',2,'F','6-9',237,'JUN 19, 1986','448',NULL,NULL,'28.9,44.3,35.3,80.6,10.6,5.3,1.3,0.5','https://ak-static.cms.nba.com/wp-content/uploads/headshots/nba/1610612766/2017/260x190/101107.png'),('203087','Jeremy Lamb','jeremylamb','charlottehornets',3,'G','6-5',185,'MAY 30, 1992','450',NULL,NULL,'17.2,43.8,32.0,82.7,8.1,3.0,1.2,0.3','https://ak-static.cms.nba.com/wp-content/uploads/headshots/nba/1610612766/2017/260x190/203087.png'),('1627779','Marcus Paige','marcuspaige','charlottehornets',4,'G','6-0',164,'SEP 11, 1993','448',NULL,NULL,NULL,'https://ak-static.cms.nba.com/wp-content/uploads/headshots/nba/1610612766/2017/260x190/1627779.png'),('201587','Nicolas Batum','nicolasbatum','charlottehornets',5,'G-F','6-8',200,'DEC 14, 1988','451',NULL,NULL,'31.7,43.6,35.7,84.0,12.1,5.3,3.7,0.7','https://ak-static.cms.nba.com/wp-content/uploads/headshots/nba/1610612766/2017/260x190/201587.png'),('1628407','Dwayne Bacon','dwaynebacon','charlottehornets',7,'G-F','6-7',221,'AUG 30, 1995','452',NULL,NULL,'21.4,43.8,40.0,50.0,6.3,5.7,1.3,0.0','https://ak-static.cms.nba.com/wp-content/uploads/headshots/nba/1610612766/2017/260x190/1628407.png'),('203948','Johnny O\'Bryant III','johnnyobryantiii','charlottehornets',8,'F','6-9',257,'JUN 01, 1993','453',NULL,NULL,'11.8,40.6,50.0,64.2,3.2,2.4,0.5,0.1','https://ak-static.cms.nba.com/wp-content/uploads/headshots/nba/1610612766/2017/260x190/203948.png'),('1628493','Mangok Mathiang','mangokmathiang','charlottehornets',9,'F-C','6-10',230,'OCT 08, 1992','428',NULL,NULL,NULL,'https://ak-static.cms.nba.com/wp-content/uploads/headshots/nba/1610612766/2017/260x190/1628493.png'),('203487','Michael Carter-Williams','michaelcarterwilliams','charlottehornets',10,'G','6-6',190,'OCT 10, 1991','454',NULL,NULL,'30.0,40.7,25.2,69.6,13.0,5.2,5.4,0.6','https://ak-static.cms.nba.com/wp-content/uploads/headshots/nba/1610612766/2017/260x190/203487.png'),('2730','Dwight Howard','dwighthoward','charlottehornets',12,'C','6-11',265,'DEC 08, 1985','455',NULL,NULL,'34.9,58.5,8.9,56.5,17.4,12.7,1.5,2.0','https://ak-static.cms.nba.com/wp-content/uploads/headshots/nba/1610612766/2017/260x190/2730.png'),('203077','Michael Kidd-Gilchrist','michaelkiddgilchrist','charlottehornets',14,'F','6-7',232,'SEP 26, 1993','449',NULL,NULL,'27.1,47.0,20.6,71.2,9.1,6.4,1.3,0.8','https://ak-static.cms.nba.com/wp-content/uploads/headshots/nba/1610612766/2017/260x190/203077.png'),('202689','Kemba Walker','kembawalker','charlottehornets',15,'G','6-1',184,'MAY 08, 1990','450',NULL,NULL,'33.9,41.2,35.1,82.7,18.4,3.9,5.4,0.4','https://ak-static.cms.nba.com/wp-content/uploads/headshots/nba/1610612766/2017/260x190/202689.png'),('1626203','Treveon Graham','treveongraham','charlottehornets',21,'G-F','6-5',219,'OCT 28, 1993','456',NULL,NULL,'8.3,49.1,52.4,63.2,2.5,0.9,0.4,0.0','https://ak-static.cms.nba.com/wp-content/uploads/headshots/nba/1610612766/2017/260x190/1626203.png'),('202933','Julyan Stone','julyanstone','charlottehornets',32,'G','6-6',200,'DEC 07, 1988','457',NULL,NULL,'7.1,44.4,26.1,72.2,1.4,1.1,1.1,0.1','https://ak-static.cms.nba.com/wp-content/uploads/headshots/nba/1610612766/2017/260x190/202933.png'),('203469','Cody Zeller','codyzeller','charlottehornets',40,'F-C','7-0',240,'OCT 05, 1992','458',NULL,NULL,'23.0,50.0,15.4,73.4,8.0,5.7,1.3,0.8','https://ak-static.cms.nba.com/wp-content/uploads/headshots/nba/1610612766/2017/260x190/203469.png'),('1626163','Frank Kaminsky','frankkaminsky','charlottehornets',44,'F-C','7-0',242,'APR 04, 1993','459',NULL,NULL,'23.6,40.4,33.2,74.9,9.6,4.3,1.7,0.5','https://ak-static.cms.nba.com/wp-content/uploads/headshots/nba/1610612766/2017/260x190/1626163.png'),('1626170','Jerian Grant','jeriangrant','chicagobulls',2,'G','6-4',198,'OCT 09, 1992','460',NULL,NULL,'16.7,40.7,29.8,82.3,5.8,1.8,2.2,0.1','https://ak-static.cms.nba.com/wp-content/uploads/headshots/nba/1610612741/2017/260x190/1626170.png'),('1627770','Kay Felder','kayfelder','chicagobulls',3,'G','5-9',176,'MAR 29, 1995','461',NULL,NULL,'9.5,38.5,30.4,72.5,4.0,1.0,1.5,0.2','https://ak-static.cms.nba.com/wp-content/uploads/headshots/nba/1610612741/2017/260x190/1627770.png'),('1626171','Bobby Portis','bobbyportis','chicagobulls',5,'F','6-11',248,'FEB 10, 1995','462',NULL,NULL,'16.7,45.5,32.4,69.6,6.9,5.0,0.7,0.3','https://ak-static.cms.nba.com/wp-content/uploads/headshots/nba/1610612741/2017/260x190/1626171.png'),('1626245','Cristiano Felicio','cristianofelicio','chicagobulls',6,'F-C','6-9',280,'JUL 07, 1992','418',NULL,NULL,'14.1,57.4,0.0,66.4,4.3,4.3,0.7,0.3','https://ak-static.cms.nba.com/wp-content/uploads/headshots/nba/1610612741/2017/260x190/1626245.png'),('203200','Justin Holiday','justinholiday','chicagobulls',7,'G','6-6',185,'APR 05, 1989','463',NULL,NULL,'16.0,40.4,34.2,80.3,5.8,2.0,1.1,0.3','https://ak-static.cms.nba.com/wp-content/uploads/headshots/nba/1610612741/2017/260x190/203200.png'),('203897','Zach LaVine','zachlavine','chicagobulls',8,'G','6-5',185,'MAR 10, 1995','464',NULL,NULL,'28.9,44.5,37.8,82.1,13.7,2.9,3.2,0.2','https://ak-static.cms.nba.com/wp-content/uploads/headshots/nba/1610612741/2017/260x190/203897.png'),('1628469','Antonio Blakeney','antonioblakeney','chicagobulls',9,'G','6-4',197,'OCT 04, 1996','453',NULL,NULL,'1.2,100.0,0.0,0.0,2.0,0.0,0.0,0.0','https://ak-static.cms.nba.com/wp-content/uploads/headshots/nba/1610612741/2017/260x190/1628469.png'),('1628021','David Nwaba','davidnwaba','chicagobulls',11,'G','6-4',209,'JAN 14, 1993','465',NULL,NULL,'19.5,58.3,16.7,66.7,5.9,3.3,0.8,0.4','https://ak-static.cms.nba.com/wp-content/uploads/headshots/nba/1610612741/2017/260x190/1628021.png'),('1627853','Ryan Arcidiacono','ryanarcidiacono','chicagobulls',15,'G','6-3',195,'MAR 26, 1994','466',NULL,NULL,'5.3,0.0,0.0,0.0,0.0,0.0,1.0,0.0','https://ak-static.cms.nba.com/wp-content/uploads/headshots/nba/1610612741/2017/260x190/1627853.png'),('1627835','Paul Zipser','paulzipser','chicagobulls',16,'F','6-8',226,'FEB 18, 1994','418',NULL,NULL,'19.4,39.7,33.3,76.2,5.4,2.9,0.9,0.3','https://ak-static.cms.nba.com/wp-content/uploads/headshots/nba/1610612741/2017/260x190/1627835.png'),('202347','Quincy Pondexter','quincypondexter','chicagobulls',20,'G','6-7',225,'MAR 10, 1988','463',NULL,NULL,'18.1,42.6,36.5,73.2,5.3,2.0,0.8,0.2','https://ak-static.cms.nba.com/wp-content/uploads/headshots/nba/1610612741/2017/260x190/202347.png'),('1626166','Cameron Payne','cameronpayne','chicagobulls',22,'G','6-3',185,'AUG 08, 1994','467',NULL,NULL,'13.2,37.8,32.0,75.0,5.0,1.5,1.9,0.1','https://ak-static.cms.nba.com/wp-content/uploads/headshots/nba/1610612741/2017/260x190/1626166.png'),('1628374','Lauri Markkanen','laurimarkkanen','chicagobulls',24,'F','7-0',230,'MAY 22, 1997','435',NULL,NULL,'35.2,38.5,35.7,71.4,15.0,10.0,0.0,0.5','https://ak-static.cms.nba.com/wp-content/uploads/headshots/nba/1610612741/2017/260x190/1628374.png'),('1627739','Kris Dunn','krisdunn','chicagobulls',32,'G','6-4',210,'MAR 18, 1994','468',NULL,NULL,'17.1,37.7,28.8,61.0,3.8,2.1,2.4,0.5','https://ak-static.cms.nba.com/wp-content/uploads/headshots/nba/1610612741/2017/260x190/1627739.png'),('201577','Robin Lopez','robinlopez','chicagobulls',42,'C','7-0',277,'APR 01, 1988','469',NULL,NULL,'22.9,52.6,10.0,76.1,8.8,5.5,0.7,1.3','https://ak-static.cms.nba.com/wp-content/uploads/headshots/nba/1610612741/2017/260x190/201577.png'),('202703','Nikola Mirotic','nikolamirotic','chicagobulls',44,'F','6-10',238,'FEB 11, 1991','418',NULL,NULL,'22.8,40.9,35.0,79.8,10.8,5.3,1.2,0.7','https://ak-static.cms.nba.com/wp-content/uploads/headshots/nba/1610612741/2017/260x190/202703.png'),('1627756','Denzel Valentine','denzelvalentine','chicagobulls',45,'G','6-6',214,'NOV 16, 1993','470',NULL,NULL,'17.4,35.4,35.3,77.8,5.2,2.7,1.1,0.1','https://ak-static.cms.nba.com/wp-content/uploads/headshots/nba/1610612741/2017/260x190/1627756.png'),('201567','Kevin Love','kevinlove','clevelandcavaliers',0,'F','6-10',251,'SEP 07, 1988','464',NULL,NULL,'32.6,44.2,36.3,82.0,18.4,11.5,2.4,0.5','https://ak-static.cms.nba.com/wp-content/uploads/headshots/nba/1610612739/2017/260x190/201567.png'),('201565','Derrick Rose','derrickrose','clevelandcavaliers',1,'G','6-3',190,'OCT 04, 1988','471',NULL,NULL,'34.6,45.1,29.8,82.1,19.5,3.7,5.9,0.4','https://ak-static.cms.nba.com/wp-content/uploads/headshots/nba/1610612739/2017/260x190/201565.png'),('202738','Isaiah Thomas','isaiahthomas','clevelandcavaliers',3,'G','5-9',185,'FEB 07, 1989','463',NULL,NULL,'30.0,44.3,36.7,87.6,19.1,2.6,5.2,0.1','https://ak-static.cms.nba.com/wp-content/uploads/headshots/nba/1610612739/2017/260x190/202738.png'),('202697','Iman Shumpert','imanshumpert','clevelandcavaliers',4,'G','6-5',220,'JUN 26, 1990','472',NULL,NULL,'25.5,39.6,34.2,76.2,7.4,3.4,1.9,0.2','https://ak-static.cms.nba.com/wp-content/uploads/headshots/nba/1610612739/2017/260x190/202697.png'),('2747','JR Smith','jrsmith','clevelandcavaliers',5,'G-F','6-6',225,'SEP 09, 1985','473',NULL,NULL,'26.9,42.0,37.3,73.3,12.9,3.2,2.2,0.2','https://ak-static.cms.nba.com/wp-content/uploads/headshots/nba/1610612739/2017/260x190/2747.png'),('101112','Channing Frye','channingfrye','clevelandcavaliers',8,'F','6-11',255,'MAY 17, 1983','435',NULL,NULL,'23.3,44.0,39.0,82.2,9.2,4.8,1.0,0.7','https://ak-static.cms.nba.com/wp-content/uploads/headshots/nba/1610612739/2017/260x190/101112.png'),('2548','Dwyane Wade','dwyanewade','clevelandcavaliers',9,'G','6-4',220,'JAN 17, 1982','474',NULL,NULL,'35.3,48.4,28.7,76.8,23.2,4.8,5.6,0.9','https://ak-static.cms.nba.com/wp-content/uploads/headshots/nba/1610612739/2017/260x190/2548.png'),('204066','John Holland','johnholland','clevelandcavaliers',10,'G-F','6-5',205,'NOV 06, 1988','475',NULL,NULL,NULL,'https://ak-static.cms.nba.com/wp-content/uploads/headshots/nba/1610612739/2017/260x190/204066.png'),('202684','Tristan Thompson','tristanthompson','clevelandcavaliers',13,'C-F','6-9',238,'MAR 13, 1991','422',NULL,NULL,'28.7,51.5,0.0,61.1,9.4,8.6,0.8,0.8','https://ak-static.cms.nba.com/wp-content/uploads/headshots/nba/1610612739/2017/260x190/202684.png'),('1628506','London Perrantes','londonperrantes','clevelandcavaliers',15,'G','6-2',190,'OCT 03, 1994','442',NULL,NULL,NULL,'https://ak-static.cms.nba.com/wp-content/uploads/headshots/nba/1610612739/2017/260x190/1628506.png'),('1626224','Cedi Osman','cediosman','clevelandcavaliers',16,'F','6-8',215,'APR 08, 1995','476',NULL,NULL,'4.8,0.0,0.0,0.0,0.0,0.0,0.5,0.0','https://ak-static.cms.nba.com/wp-content/uploads/headshots/nba/1610612739/2017/260x190/1626224.png'),('2544','LeBron James','lebronjames','clevelandcavaliers',23,'F','6-8',250,'DEC 30, 1984','477',NULL,NULL,'38.9,50.1,34.2,74.0,27.1,7.3,7.0,0.8','https://ak-static.cms.nba.com/wp-content/uploads/headshots/nba/1610612739/2017/260x190/2544.png'),('2594','Kyle Korver','kylekorver','clevelandcavaliers',26,'G','6-7',212,'MAR 17, 1981','478',NULL,NULL,'26.4,44.3,43.1,88.0,10.0,3.1,1.8,0.3','https://ak-static.cms.nba.com/wp-content/uploads/headshots/nba/1610612739/2017/260x190/2594.png'),('201145','Jeff Green','jeffgreen','clevelandcavaliers',32,'F','6-9',235,'AUG 28, 1986','479',NULL,NULL,'31.0,43.5,33.3,79.2,13.5,4.7,1.6,0.6','https://ak-static.cms.nba.com/wp-content/uploads/headshots/nba/1610612739/2017/260x190/201145.png'),('1627790','Ante Zizic','antezizic','clevelandcavaliers',41,'F-C','6-11',250,'JAN 04, 1997','418',NULL,NULL,'6.9,100.0,0.0,66.7,4.0,4.0,0.0,2.0','https://ak-static.cms.nba.com/wp-content/uploads/headshots/nba/1610612739/2017/260x190/1627790.png'),('101181','Jose Calderon','josecalderon','clevelandcavaliers',81,'G','6-3',200,'SEP 28, 1981','480',NULL,NULL,'28.0,47.3,40.9,87.5,9.6,2.5,6.2,0.1','https://ak-static.cms.nba.com/wp-content/uploads/headshots/nba/1610612739/2017/260x190/101181.png'),('203109','Jae Crowder','jaecrowder','clevelandcavaliers',99,'F','6-6',235,'JUL 06, 1990','474',NULL,NULL,'23.3,43.5,34.6,78.6,8.9,3.8,1.4,0.3','https://ak-static.cms.nba.com/wp-content/uploads/headshots/nba/1610612739/2017/260x190/203109.png'),('1628372','Dennis Smith Jr.','dennissmithjr','dallasmavericks',1,'G','6-3',195,'NOV 25, 1997','481',NULL,NULL,'29.8,39.1,16.7,50.0,13.0,4.5,5.5,0.0','https://ak-static.cms.nba.com/wp-content/uploads/headshots/nba/1610612742/2017/260x190/1628372.png'),('203457','Nerlens Noel','nerlensnoel','dallasmavericks',3,'F-C','6-11',220,'APR 10, 1994','449',NULL,NULL,'27.4,51.4,33.3,62.1,10.0,7.5,1.5,1.5','https://ak-static.cms.nba.com/wp-content/uploads/headshots/nba/1610612742/2017/260x190/203457.png'),('200826','J.J. Barea','jjbarea','dallasmavericks',5,'G','6-0',185,'JUN 26, 1984','482',NULL,NULL,'19.4,42.3,35.2,79.8,8.6,2.0,3.6,0.0','https://ak-static.cms.nba.com/wp-content/uploads/headshots/nba/1610612742/2017/260x190/200826.png'),('1628405','Johnathan Motley','johnathanmotley','dallasmavericks',6,'F','6-10',230,'MAY 04, 1995','416',NULL,NULL,NULL,'https://ak-static.cms.nba.com/wp-content/uploads/headshots/nba/1610612742/2017/260x190/1628405.png'),('203939','Dwight Powell','dwightpowell','dallasmavericks',7,'F-C','6-11',240,'JUL 20, 1991','469',NULL,NULL,'14.7,49.8,27.7,75.2,5.8,3.6,0.6,0.4','https://ak-static.cms.nba.com/wp-content/uploads/headshots/nba/1610612742/2017/260x190/203939.png'),('1628492','Gian Clavell','gianclavell','dallasmavericks',8,'G','6-4',185,'NOV 26, 1993','483',NULL,NULL,'13.5,33.3,40.0,0.0,4.0,2.3,1.0,0.0','https://ak-static.cms.nba.com/wp-content/uploads/headshots/nba/1610612742/2017/260x190/1628492.png'),('1627827','Dorian Finney-Smith','dorianfinneysmith','dallasmavericks',10,'F','6-8',220,'MAY 04, 1993','434',NULL,NULL,'20.0,37.8,29.6,74.6,4.3,2.7,0.8,0.3','https://ak-static.cms.nba.com/wp-content/uploads/headshots/nba/1610612742/2017/260x190/1627827.png'),('1627812','Yogi Ferrell','yogiferrell','dallasmavericks',11,'G','6-0',180,'MAY 09, 1993','458',NULL,NULL,'26.7,40.5,40.0,84.8,10.3,2.4,3.7,0.2','https://ak-static.cms.nba.com/wp-content/uploads/headshots/nba/1610612742/2017/260x190/1627812.png'),('201177','Josh McRoberts','joshmcroberts','dallasmavericks',13,'F-C','6-10',240,'FEB 28, 1987','420',NULL,NULL,'19.2,46.4,34.1,70.5,5.4,3.9,2.1,0.5','https://ak-static.cms.nba.com/wp-content/uploads/headshots/nba/1610612742/2017/260x190/201177.png'),('203481','Jeff Withey','jeffwithey','dallasmavericks',17,'C','7-0',230,'MAR 07, 1990','429',NULL,NULL,'10.3,53.0,16.7,71.6,3.3,2.6,0.3,0.8','https://ak-static.cms.nba.com/wp-content/uploads/headshots/nba/1610612742/2017/260x190/203481.png'),('202083','Wesley Matthews','wesleymatthews','dallasmavericks',23,'G-F','6-5',220,'OCT 14, 1986','474',NULL,NULL,'32.7,42.9,38.3,82.8,13.9,3.2,2.2,0.2','https://ak-static.cms.nba.com/wp-content/uploads/headshots/nba/1610612742/2017/260x190/202083.png'),('203552','Seth Curry','sethcurry','dallasmavericks',30,'G','6-2',185,'AUG 23, 1990','420',NULL,NULL,'23.4,47.3,43.2,84.4,10.2,2.1,2.2,0.1','https://ak-static.cms.nba.com/wp-content/uploads/headshots/nba/1610612742/2017/260x190/203552.png'),('2734','Devin Harris','devinharris','dallasmavericks',34,'G','6-3',185,'FEB 27, 1983','459',NULL,NULL,'25.5,43.6,32.4,79.6,11.3,2.3,4.2,0.2','https://ak-static.cms.nba.com/wp-content/uploads/headshots/nba/1610612742/2017/260x190/2734.png'),('203084','Harrison Barnes','harrisonbarnes','dallasmavericks',40,'F','6-8',225,'MAY 30, 1992','448',NULL,NULL,'29.7,45.2,36.8,77.5,12.0,4.7,1.5,0.2','https://ak-static.cms.nba.com/wp-content/uploads/headshots/nba/1610612742/2017/260x190/203084.png'),('1717','Dirk Nowitzki','dirknowitzki','dallasmavericks',41,'F','7-0',245,'JUN 19, 1978','484',NULL,NULL,'34.9,47.3,38.1,87.9,21.7,7.8,2.5,0.9','https://ak-static.cms.nba.com/wp-content/uploads/headshots/nba/1610612742/2017/260x190/1717.png'),('1628467','Maxi Kleber','maxikleber','dallasmavericks',42,'F','6-11',220,'JAN 29, 1992','418',NULL,NULL,'9.1,75.0,0.0,50.0,3.5,1.5,0.5,0.0','https://ak-static.cms.nba.com/wp-content/uploads/headshots/nba/1610612742/2017/260x190/1628467.png'),('1626257','Salah Mejri','salahmejri','dallasmavericks',50,'C','7-2',235,'JUN 15, 1986','418',NULL,NULL,'12.2,64.1,25.0,58.9,3.2,4.0,0.2,0.9','https://ak-static.cms.nba.com/wp-content/uploads/headshots/nba/1610612742/2017/260x190/1626257.png'),('201589','Darrell Arthur','darrellarthur','denvernuggets',0,'F','6-9',235,'MAR 25, 1988','429',NULL,NULL,'18.2,44.4,35.2,76.6,6.7,3.6,0.8,0.6','https://ak-static.cms.nba.com/wp-content/uploads/headshots/nba/1610612743/2017/260x190/201589.png'),('1626144','Emmanuel Mudiay','emmanuelmudiay','denvernuggets',0,'G','6-5',200,'MAR 05, 1996','418',NULL,NULL,'28.1,37.0,32.1,71.9,12.0,3.3,4.7,0.4','https://ak-static.cms.nba.com/wp-content/uploads/headshots/nba/1610612743/2017/260x190/1626144.png'),('1628470','Torrey Craig','torreycraig','denvernuggets',3,'G-F','6-6',215,'DEC 19, 1990','485',NULL,NULL,NULL,'https://ak-static.cms.nba.com/wp-content/uploads/headshots/nba/1610612743/2017/260x190/1628470.png'),('200794','Paul Millsap','paulmillsap','denvernuggets',4,'F','6-8',246,'FEB 10, 1985','486',NULL,NULL,'29.5,49.3,32.8,73.6,14.2,7.5,2.3,1.0','https://ak-static.cms.nba.com/wp-content/uploads/headshots/nba/1610612743/2017/260x190/200794.png'),('203115','Will Barton','willbarton','denvernuggets',5,'G-F','6-6',190,'JAN 06, 1991','471',NULL,NULL,'20.2,42.8,32.7,78.3,9.2,3.6,1.9,0.3','https://ak-static.cms.nba.com/wp-content/uploads/headshots/nba/1610612743/2017/260x190/203115.png'),('1626168','Trey Lyles','treylyles','denvernuggets',7,'F','6-10',234,'NOV 05, 1995','449',NULL,NULL,'16.6,40.1,34.4,70.8,6.1,3.5,0.8,0.2','https://ak-static.cms.nba.com/wp-content/uploads/headshots/nba/1610612743/2017/260x190/1626168.png'),('1628420','Monte Morris','montemorris','denvernuggets',11,'G','6-3',175,'JUN 27, 1995','431',NULL,NULL,NULL,'https://ak-static.cms.nba.com/wp-content/uploads/headshots/nba/1610612743/2017/260x190/1628420.png'),('203914','Gary Harris','garyharris','denvernuggets',14,'G','6-4',210,'SEP 14, 1994','470',NULL,NULL,'26.4,46.1,35.8,78.8,10.5,2.5,1.8,0.2','https://ak-static.cms.nba.com/wp-content/uploads/headshots/nba/1610612743/2017/260x190/203914.png'),('203999','Nikola Jokic','nikolajokic','denvernuggets',15,'C-F','6-10',250,'FEB 19, 1995','418',NULL,NULL,'24.8,54.9,33.3,82.2,13.2,8.4,3.6,0.7','https://ak-static.cms.nba.com/wp-content/uploads/headshots/nba/1610612743/2017/260x190/203999.png'),('1628399','Tyler Lydon','tylerlydon','denvernuggets',20,'F','6-9',220,'APR 09, 1996','454',NULL,NULL,NULL,'https://ak-static.cms.nba.com/wp-content/uploads/headshots/nba/1610612743/2017/260x190/1628399.png'),('201163','Wilson Chandler','wilsonchandler','denvernuggets',21,'F','6-9',225,'MAY 10, 1987','487',NULL,NULL,'31.1,44.5,33.9,76.8,13.9,5.5,1.8,0.7','https://ak-static.cms.nba.com/wp-content/uploads/headshots/nba/1610612743/2017/260x190/201163.png'),('2210','Richard Jefferson','richardjefferson','denvernuggets',22,'F','6-7',233,'JUN 21, 1980','435',NULL,NULL,'29.4,46.4,37.7,76.8,12.8,4.1,2.1,0.3','https://ak-static.cms.nba.com/wp-content/uploads/headshots/nba/1610612743/2017/260x190/2210.png'),('203486','Mason Plumlee','masonplumlee','denvernuggets',24,'C-F','6-11',255,'MAR 05, 1990','420',NULL,NULL,'22.9,55.9,0.0,58.2,8.9,6.5,2.0,0.9','https://ak-static.cms.nba.com/wp-content/uploads/headshots/nba/1610612743/2017/260x190/203486.png'),('1627736','Malik Beasley','malikbeasley','denvernuggets',25,'G','6-5',196,'NOV 26, 1996','452',NULL,NULL,'6.7,45.9,34.5,80.0,3.3,0.7,0.5,0.0','https://ak-static.cms.nba.com/wp-content/uploads/headshots/nba/1610612743/2017/260x190/1627736.png'),('1627750','Jamal Murray','jamalmurray','denvernuggets',27,'G','6-4',207,'FEB 23, 1997','449',NULL,NULL,'21.6,39.9,32.7,88.5,9.8,2.6,2.1,0.3','https://ak-static.cms.nba.com/wp-content/uploads/headshots/nba/1610612743/2017/260x190/1627750.png'),('202702','Kenneth Faried','kennethfaried','denvernuggets',35,'F','6-8',228,'NOV 19, 1989','488',NULL,NULL,'25.7,54.5,10.5,65.3,11.9,8.5,1.1,0.9','https://ak-static.cms.nba.com/wp-content/uploads/headshots/nba/1610612743/2017/260x190/202702.png'),('1627823','Juan Hernangomez','juanhernangomez','denvernuggets',41,'F','6-9',230,'SEP 28, 1995','418',NULL,NULL,'13.4,44.9,40.4,75.0,4.8,2.9,0.5,0.2','https://ak-static.cms.nba.com/wp-content/uploads/headshots/nba/1610612743/2017/260x190/1627823.png'),('203083','Andre Drummond','andredrummond','detroitpistons',0,'C','6-11',279,'AUG 10, 1993','450',NULL,NULL,'29.8,54.8,26.3,38.4,13.3,12.8,0.7,1.5','https://ak-static.cms.nba.com/wp-content/uploads/headshots/nba/1610612765/2017/260x190/203083.png'),('202704','Reggie Jackson','reggiejackson','detroitpistons',1,'G','6-3',208,'APR 16, 1990','489',NULL,NULL,'24.6,43.0,32.0,86.1,12.2,3.1,4.4,0.1','https://ak-static.cms.nba.com/wp-content/uploads/headshots/nba/1610612765/2017/260x190/202704.png'),('1628379','Luke Kennard','lukekennard','detroitpistons',5,'G','6-5',200,'JUN 24, 1996','420',NULL,NULL,'17.3,44.4,14.3,50.0,6.3,2.0,1.0,0.0','https://ak-static.cms.nba.com/wp-content/uploads/headshots/nba/1610612765/2017/260x190/1628379.png'),('1626169','Stanley Johnson','stanleyjohnson','detroitpistons',7,'F','6-7',245,'MAY 29, 1996','435',NULL,NULL,'20.6,36.4,29.6,75.5,6.2,3.3,1.5,0.2','https://ak-static.cms.nba.com/wp-content/uploads/headshots/nba/1610612765/2017/260x190/1626169.png'),('1627740','Henry Ellenson','henryellenson','detroitpistons',8,'F','6-11',245,'JAN 13, 1997','474',NULL,NULL,'7.9,37.8,30.8,55.6,3.5,2.1,0.4,0.0','https://ak-static.cms.nba.com/wp-content/uploads/headshots/nba/1610612765/2017/260x190/1627740.png'),('204038','Langston Galloway','langstongalloway','detroitpistons',9,'G','6-2',200,'DEC 09, 1991','425',NULL,NULL,'24.7,39.3,36.9,78.2,8.7,3.1,2.2,0.2','https://ak-static.cms.nba.com/wp-content/uploads/headshots/nba/1610612765/2017/260x190/204038.png'),('202397','Ish Smith','ishsmith','detroitpistons',14,'G','6-0',175,'JUL 05, 1988','421',NULL,NULL,'17.9,41.1,28.6,65.7,6.5,2.3,3.7,0.2','https://ak-static.cms.nba.com/wp-content/uploads/headshots/nba/1610612765/2017/260x190/202397.png'),('202779','Dwight Buycks','dwightbuycks','detroitpistons',20,'G','6-3',190,'MAR 06, 1989','474',NULL,NULL,'13.4,37.5,42.9,89.5,4.8,1.8,1.2,0.0','https://ak-static.cms.nba.com/wp-content/uploads/headshots/nba/1610612765/2017/260x190/202779.png'),('202340','Avery Bradley','averybradley','detroitpistons',22,'G','6-2',180,'NOV 26, 1990','422',NULL,NULL,'28.1,44.2,36.6,77.3,12.1,3.1,1.7,0.2','https://ak-static.cms.nba.com/wp-content/uploads/headshots/nba/1610612765/2017/260x190/202340.png'),('203961','Eric Moreland','ericmoreland','detroitpistons',24,'F-C','6-10',238,'DEC 24, 1991','490',NULL,NULL,'5.7,57.1,0.0,50.0,0.8,1.2,0.1,0.3','https://ak-static.cms.nba.com/wp-content/uploads/headshots/nba/1610612765/2017/260x190/203961.png'),('203493','Reggie Bullock','reggiebullock','detroitpistons',25,'F','6-7',205,'MAR 16, 1991','448',NULL,NULL,'11.1,39.3,35.5,80.0,3.0,1.6,0.5,0.1','https://ak-static.cms.nba.com/wp-content/uploads/headshots/nba/1610612765/2017/260x190/203493.png'),('202720','Jon Leuer','jonleuer','detroitpistons',30,'F','6-10',228,'MAY 14, 1989','459',NULL,NULL,'16.6,47.9,33.5,76.8,6.7,3.9,0.9,0.3','https://ak-static.cms.nba.com/wp-content/uploads/headshots/nba/1610612765/2017/260x190/202720.png'),('202699','Tobias Harris','tobiasharris','detroitpistons',34,'F','6-9',235,'JUL 15, 1992','491',NULL,NULL,'28.9,46.9,33.3,80.8,13.9,5.6,1.6,0.5','https://ak-static.cms.nba.com/wp-content/uploads/headshots/nba/1610612765/2017/260x190/202699.png'),('201229','Anthony Tolliver','anthonytolliver','detroitpistons',43,'F','6-8',240,'JUN 01, 1985','478',NULL,NULL,'20.0,41.3,36.1,76.6,6.2,3.5,0.9,0.3','https://ak-static.cms.nba.com/wp-content/uploads/headshots/nba/1610612765/2017/260x190/201229.png'),('1626242','Luis Montero','luismontero','detroitpistons',44,'G','6-7',200,'APR 06, 1993','492',NULL,NULL,'3.5,26.3,11.1,75.0,1.2,0.3,0.1,0.0','https://ak-static.cms.nba.com/wp-content/uploads/headshots/nba/1610612765/2017/260x190/1626242.png'),('1626246','Boban Marjanovic','bobanmarjanovic','detroitpistons',51,'C','7-3',290,'AUG 15, 1988','418',NULL,NULL,'9.0,57.6,0.0,77.9,5.4,3.6,0.3,0.4','https://ak-static.cms.nba.com/wp-content/uploads/headshots/nba/1610612765/2017/260x190/1626246.png'),('1627775','Patrick McCaw','patrickmccaw','goldenstatewarriors',0,'G','6-7',185,'OCT 25, 1995','493',NULL,NULL,'15.0,43.2,33.1,78.4,3.9,1.4,1.1,0.2','https://ak-static.cms.nba.com/wp-content/uploads/headshots/nba/1610612744/2017/260x190/1627775.png'),('201580','JaVale McGee','javalemcgee','goldenstatewarriors',1,'C','7-0',270,'JAN 19, 1988','414',NULL,NULL,'17.6,55.4,11.1,57.6,7.8,5.0,0.3,1.6','https://ak-static.cms.nba.com/wp-content/uploads/headshots/nba/1610612744/2017/260x190/201580.png'),('1628395','Jordan Bell','jordanbell','goldenstatewarriors',2,'F','6-9',224,'JAN 07, 1995','410',NULL,NULL,'7.7,90.0,0.0,0.0,4.5,2.3,0.8,0.5','https://ak-static.cms.nba.com/wp-content/uploads/headshots/nba/1610612744/2017/260x190/1628395.png'),('2561','David West','davidwest','goldenstatewarriors',3,'F','6-9',250,'AUG 29, 1980','494',NULL,NULL,'29.2,49.3,26.4,81.8,14.1,6.6,2.2,0.8','https://ak-static.cms.nba.com/wp-content/uploads/headshots/nba/1610612744/2017/260x190/2561.png'),('1626188','Quinn Cook','quinncook','goldenstatewarriors',4,'G','6-2',179,'MAR 23, 1993','420',NULL,NULL,'13.4,50.7,42.3,40.0,5.4,0.5,1.7,0.0','https://ak-static.cms.nba.com/wp-content/uploads/headshots/nba/1610612744/2017/260x190/1626188.png'),('1626172','Kevon Looney','kevonlooney','goldenstatewarriors',5,'F','6-9',220,'FEB 06, 1996','464',NULL,NULL,'8.1,52.6,27.3,61.1,2.5,2.3,0.5,0.3','https://ak-static.cms.nba.com/wp-content/uploads/headshots/nba/1610612744/2017/260x190/1626172.png'),('201156','Nick Young','nickyoung','goldenstatewarriors',6,'G-F','6-7',210,'JUN 01, 1985','417',NULL,NULL,'23.5,41.9,37.7,83.5,11.9,2.0,1.0,0.2','https://ak-static.cms.nba.com/wp-content/uploads/headshots/nba/1610612744/2017/260x190/201156.png'),('2738','Andre Iguodala','andreiguodala','goldenstatewarriors',9,'G-F','6-6',215,'JAN 28, 1984','435',NULL,NULL,'34.6,46.5,33.5,71.4,13.0,5.3,4.5,0.5','https://ak-static.cms.nba.com/wp-content/uploads/headshots/nba/1610612744/2017/260x190/2738.png'),('202691','Klay Thompson','klaythompson','goldenstatewarriors',11,'G','6-7',215,'FEB 08, 1990','436',NULL,NULL,'32.7,45.4,41.9,85.3,19.1,3.4,2.3,0.5','https://ak-static.cms.nba.com/wp-content/uploads/headshots/nba/1610612744/2017/260x190/202691.png'),('1627745','Damian Jones','damianjones','goldenstatewarriors',15,'C','7-0',245,'JUN 30, 1995','495',NULL,NULL,'8.5,50.0,0.0,30.0,1.9,2.3,0.0,0.4','https://ak-static.cms.nba.com/wp-content/uploads/headshots/nba/1610612744/2017/260x190/1627745.png'),('201956','Omri Casspi','omricasspi','goldenstatewarriors',18,'F','6-9',225,'JUN 22, 1988','496',NULL,NULL,'21.4,44.3,36.7,67.5,8.2,4.1,1.2,0.2','https://ak-static.cms.nba.com/wp-content/uploads/headshots/nba/1610612744/2017/260x190/201956.png'),('203110','Draymond Green','draymondgreen','goldenstatewarriors',23,'F','6-7',230,'MAR 04, 1990','470',NULL,NULL,'26.8,43.4,33.2,69.6,9.0,6.8,4.1,1.0','https://ak-static.cms.nba.com/wp-content/uploads/headshots/nba/1610612744/2017/260x190/203110.png'),('1628449','Chris Boucher','chrisboucher','goldenstatewarriors',25,'F','6-10',200,'JAN 11, 1993','410',NULL,NULL,NULL,'https://ak-static.cms.nba.com/wp-content/uploads/headshots/nba/1610612744/2017/260x190/1628449.png'),('2585','Zaza Pachulia','zazapachulia','goldenstatewarriors',27,'C','6-11',270,'FEB 10, 1984','497',NULL,NULL,'21.2,46.5,0.0,74.8,7.0,6.0,1.3,0.4','https://ak-static.cms.nba.com/wp-content/uploads/headshots/nba/1610612744/2017/260x190/2585.png'),('201939','Stephen Curry','stephencurry','goldenstatewarriors',30,'G','6-3',190,'MAR 14, 1988','498',NULL,NULL,'34.6,47.6,43.7,90.3,22.8,4.4,6.8,0.2','https://ak-static.cms.nba.com/wp-content/uploads/headshots/nba/1610612744/2017/260x190/201939.png'),('2733','Shaun Livingston','shaunlivingston','goldenstatewarriors',34,'G','6-7',192,'SEP 11, 1985','499',NULL,NULL,'21.6,48.3,19.7,79.2,6.6,2.5,3.2,0.4','https://ak-static.cms.nba.com/wp-content/uploads/headshots/nba/1610612744/2017/260x190/2733.png'),('201142','Kevin Durant','kevindurant','goldenstatewarriors',35,'F','6-9',240,'SEP 29, 1988','422',NULL,NULL,'37.4,48.8,38.0,88.1,27.2,7.2,3.8,1.1','https://ak-static.cms.nba.com/wp-content/uploads/headshots/nba/1610612744/2017/260x190/201142.png'),('2772','Trevor Ariza','trevorariza','houstonrockets',1,'F','6-8',215,'JUN 30, 1985','464',NULL,NULL,'29.2,42.5,35.0,71.8,10.4,4.8,2.1,0.3','https://ak-static.cms.nba.com/wp-content/uploads/headshots/nba/1610612745/2017/260x190/2772.png'),('1627743','Demetrius Jackson','demetriusjackson','houstonrockets',2,'G','6-1',201,'SEP 07, 1994','460',NULL,NULL,'6.0,45.5,20.0,50.0,1.8,1.5,0.9,0.1','https://ak-static.cms.nba.com/wp-content/uploads/headshots/nba/1610612745/2017/260x190/1627743.png'),('101108','Chris Paul','chrispaul','houstonrockets',3,'G','6-0',175,'MAY 06, 1985','421',NULL,NULL,'35.5,47.3,37.0,86.6,18.7,4.4,9.9,0.1','https://ak-static.cms.nba.com/wp-content/uploads/headshots/nba/1610612745/2017/260x190/101108.png'),('200782','PJ Tucker','pjtucker','houstonrockets',4,'F','6-6',245,'MAY 05, 1985','422',NULL,NULL,'27.9,43.2,35.2,75.0,7.7,5.7,1.6,0.2','https://ak-static.cms.nba.com/wp-content/uploads/headshots/nba/1610612745/2017/260x190/200782.png'),('1627786','Troy Williams','troywilliams','houstonrockets',5,'F','6-7',218,'DEC 30, 1994','458',NULL,NULL,'18.1,43.3,27.7,65.6,6.0,2.3,0.8,0.3','https://ak-static.cms.nba.com/wp-content/uploads/headshots/nba/1610612745/2017/260x190/1627786.png'),('201628','Bobby Brown','bobbybrown','houstonrockets',6,'G','6-2',175,'SEP 24, 1984','4100',NULL,NULL,'11.4,38.3,32.3,81.7,4.6,0.7,1.6,0.0','https://ak-static.cms.nba.com/wp-content/uploads/headshots/nba/1610612745/2017/260x190/201628.png'),('1627753','Zhou Qi','zhouqi','houstonrockets',9,'F-C','7-1',210,'JAN 16, 1996','418',NULL,NULL,'7.4,0.0,0.0,0.0,0.0,3.0,0.0,1.0','https://ak-static.cms.nba.com/wp-content/uploads/headshots/nba/1610612745/2017/260x190/1627753.png'),('201569','Eric Gordon','ericgordon','houstonrockets',10,'G','6-4',215,'DEC 25, 1988','458',NULL,NULL,'33.5,43.0,37.8,81.7,16.6,2.5,3.2,0.3','https://ak-static.cms.nba.com/wp-content/uploads/headshots/nba/1610612745/2017/260x190/201569.png'),('201601','Luc Mbah a Moute','lucmbahamoute','houstonrockets',12,'F','6-8',230,'SEP 09, 1986','464',NULL,NULL,'23.2,45.2,32.1,66.0,6.3,4.2,0.9,0.4','https://ak-static.cms.nba.com/wp-content/uploads/headshots/nba/1610612745/2017/260x190/201601.png'),('201935','James Harden','jamesharden','houstonrockets',13,'G','6-5',220,'AUG 26, 1989','4101',NULL,NULL,'33.6,44.2,36.4,85.3,22.2,5.0,5.8,0.4','https://ak-static.cms.nba.com/wp-content/uploads/headshots/nba/1610612745/2017/260x190/201935.png'),('203991','Clint Capela','clintcapela','houstonrockets',15,'C','6-10',240,'MAY 18, 1994','418',NULL,NULL,'20.3,61.8,0.0,43.9,9.2,6.9,0.7,1.2','https://ak-static.cms.nba.com/wp-content/uploads/headshots/nba/1610612745/2017/260x190/203991.png'),('1627778','Chinanu Onuaku','chinanuonuaku','houstonrockets',21,'C','6-10',245,'NOV 01, 1996','428',NULL,NULL,'10.3,71.4,0.0,100.0,2.8,2.0,0.6,0.2','https://ak-static.cms.nba.com/wp-content/uploads/headshots/nba/1610612745/2017/260x190/1627778.png'),('204028','Tarik Black','tarikblack','houstonrockets',28,'F-C','6-9',250,'NOV 22, 1991','429',NULL,NULL,'16.4,54.4,33.3,61.0,5.3,5.1,0.6,0.5','https://ak-static.cms.nba.com/wp-content/uploads/headshots/nba/1610612745/2017/260x190/204028.png'),('201583','Ryan Anderson','ryananderson','houstonrockets',33,'F','6-10',240,'MAY 06, 1988','426',NULL,NULL,'26.4,42.2,38.1,86.1,13.1,5.4,0.9,0.4','https://ak-static.cms.nba.com/wp-content/uploads/headshots/nba/1610612745/2017/260x190/201583.png'),('2403','Nene','nene','houstonrockets',42,'C-F','6-11',250,'SEP 13, 1982','4102',NULL,NULL,'27.4,54.8,14.6,66.2,12.0,6.3,1.9,0.8','https://ak-static.cms.nba.com/wp-content/uploads/headshots/nba/1610612745/2017/260x190/2403.png'),('1627816','Alex Poythress','alexpoythress','indianapacers',0,'F','6-9',235,'SEP 06, 1993','449',NULL,NULL,'23.0,46.3,31.6,80.0,9.1,4.3,0.7,0.3','https://ak-static.cms.nba.com/wp-content/uploads/headshots/nba/1610612754/2017/260x190/1627816.png'),('202362','Lance Stephenson','lancestephenson','indianapacers',1,'G','6-6',230,'SEP 05, 1990','438',NULL,NULL,'24.8,44.9,30.5,68.5,8.7,4.1,3.0,0.1','https://ak-static.cms.nba.com/wp-content/uploads/headshots/nba/1610612754/2017/260x190/202362.png'),('201954','Darren Collison','darrencollison','indianapacers',2,'G','6-2',185,'AUG 23, 1987','464',NULL,NULL,'29.6,47.0,38.0,85.2,12.7,2.6,4.8,0.1','https://ak-static.cms.nba.com/wp-content/uploads/headshots/nba/1610612754/2017/260x190/201954.png'),('1626202','Joe Young','joeyoung','indianapacers',3,'G','6-2',185,'JUN 27, 1992','410',NULL,NULL,'7.0,37.0,21.7,76.2,3.0,0.9,1.1,0.0','https://ak-static.cms.nba.com/wp-content/uploads/headshots/nba/1610612754/2017/260x190/1626202.png'),('203506','Victor Oladipo','victoroladipo','indianapacers',4,'G','6-4',210,'MAY 04, 1992','458',NULL,NULL,'33.2,43.3,34.6,80.0,15.9,4.4,3.7,0.5','https://ak-static.cms.nba.com/wp-content/uploads/headshots/nba/1610612754/2017/260x190/203506.png'),('1628410','Edmond Sumner','edmondsumner','indianapacers',5,'G','6-5',188,'DEC 31, 1995','494',NULL,NULL,NULL,'https://ak-static.cms.nba.com/wp-content/uploads/headshots/nba/1610612754/2017/260x190/1628410.png'),('202709','Cory Joseph','coryjoseph','indianapacers',6,'G','6-3',190,'AUG 20, 1991','422',NULL,NULL,'19.5,45.7,31.8,76.8,6.8,2.3,2.5,0.2','https://ak-static.cms.nba.com/wp-content/uploads/headshots/nba/1610612754/2017/260x190/202709.png'),('1627734','Domantas Sabonis','domantassabonis','indianapacers',11,'F','6-10',252,'MAY 03, 1996','4103',NULL,NULL,'20.4,41.0,31.7,64.6,6.1,3.8,1.0,0.4','https://ak-static.cms.nba.com/wp-content/uploads/headshots/nba/1610612754/2017/260x190/1627734.png'),('2863','Damien Wilkins','damienwilkins','indianapacers',12,'G-F','6-6',217,'JAN 11, 1980','4104',NULL,NULL,'19.2,42.7,32.9,78.3,6.3,2.4,1.4,0.2','https://ak-static.cms.nba.com/wp-content/uploads/headshots/nba/1610612754/2017/260x190/2863.png'),('1628387','Ike Anigbogu','ikeanigbogu','indianapacers',13,'C','6-10',262,'OCT 16, 1998','4105',NULL,NULL,'2.4,0.0,0.0,0.0,0.0,0.0,0.0,0.0','https://ak-static.cms.nba.com/wp-content/uploads/headshots/nba/1610612754/2017/260x190/1628387.png'),('201152','Thaddeus Young','thaddeusyoung','indianapacers',21,'F','6-8',230,'JUN 21, 1988','472',NULL,NULL,'30.6,50.0,32.6,68.0,13.6,5.9,1.5,0.4','https://ak-static.cms.nba.com/wp-content/uploads/headshots/nba/1610612754/2017/260x190/201152.png'),('1628388','TJ Leaf','tjleaf','indianapacers',22,'F','6-10',230,'APR 30, 1997','4105',NULL,NULL,'15.3,60.0,50.0,100.0,7.3,3.0,0.7,0.3','https://ak-static.cms.nba.com/wp-content/uploads/headshots/nba/1610612754/2017/260x190/1628388.png'),('2744','Al Jefferson','aljefferson','indianapacers',25,'C','6-10',280,'JAN 04, 1985','4106',NULL,NULL,'29.3,49.9,12.5,70.9,16.0,8.6,1.5,1.2','https://ak-static.cms.nba.com/wp-content/uploads/headshots/nba/1610612754/2017/260x190/2744.png'),('1626167','Myles Turner','mylesturner','indianapacers',33,'C','6-11',255,'MAR 24, 1996','422',NULL,NULL,'27.8,50.7,33.3,78.7,12.8,6.6,1.0,1.8','https://ak-static.cms.nba.com/wp-content/uploads/headshots/nba/1610612754/2017/260x190/1626167.png'),('203922','Glenn Robinson III','glennrobinsoniii','indianapacers',40,'G-F','6-7',215,'JAN 08, 1994','446',NULL,NULL,'14.7,44.8,37.6,69.8,4.4,2.4,0.6,0.2','https://ak-static.cms.nba.com/wp-content/uploads/headshots/nba/1610612754/2017/260x190/203922.png'),('202711','Bojan Bogdanovic','bojanbogdanovic','indianapacers',44,'F','6-8',230,'APR 18, 1989','418',NULL,NULL,'25.4,44.3,36.9,85.9,11.3,3.1,1.2,0.1','https://ak-static.cms.nba.com/wp-content/uploads/headshots/nba/1610612754/2017/260x190/202711.png'),('1628414','Sindarius Thornwell','sindariusthornwell','laclippers',0,'G','6-5',215,'NOV 15, 1994','4107',NULL,NULL,'5.0,66.7,100.0,100.0,5.5,0.0,0.5,0.0','https://ak-static.cms.nba.com/wp-content/uploads/headshots/nba/1610612746/2017/260x190/1628414.png'),('1628393','Jawun Evans','jawunevans','laclippers',1,'G','6-0',190,'JUL 26, 1996','432',NULL,NULL,NULL,'https://ak-static.cms.nba.com/wp-content/uploads/headshots/nba/1610612746/2017/260x190/1628393.png'),('1628462','Milos Teodosic','milosteodosic','laclippers',4,'G','6-5',196,'MAR 19, 1987','418',NULL,NULL,'16.0,33.3,42.9,0.0,5.5,0.5,4.0,0.5','https://ak-static.cms.nba.com/wp-content/uploads/headshots/nba/1610612746/2017/260x190/1628462.png'),('1626149','Montrezl Harrell','montrezlharrell','laclippers',5,'F-C','6-8',240,'JAN 26, 1994','428',NULL,NULL,'14.7,65.1,12.5,59.9,6.8,2.9,0.8,0.5','https://ak-static.cms.nba.com/wp-content/uploads/headshots/nba/1610612746/2017/260x190/1626149.png'),('201599','DeAndre Jordan','deandrejordan','laclippers',6,'C','6-11',265,'JUL 21, 1988','4108',NULL,NULL,'27.7,67.6,9.1,43.1,9.1,10.2,0.7,1.8','https://ak-static.cms.nba.com/wp-content/uploads/headshots/nba/1610612746/2017/260x190/201599.png'),('1626155','Sam Dekker','samdekker','laclippers',7,'F','6-9',230,'MAY 08, 1994','459',NULL,NULL,'17.6,47.4,32.3,55.9,6.2,3.5,1.0,0.3','https://ak-static.cms.nba.com/wp-content/uploads/headshots/nba/1610612746/2017/260x190/1626155.png'),('201568','Danilo Gallinari','danilogallinari','laclippers',8,'F','6-10',225,'AUG 08, 1988','4109',NULL,NULL,'31.1,41.9,37.0,86.2,15.3,4.7,2.0,0.4','https://ak-static.cms.nba.com/wp-content/uploads/headshots/nba/1610612746/2017/260x190/201568.png'),('203710','C.J. Williams','cjwilliams','laclippers',9,'G','6-5',230,'FEB 06, 1990','481',NULL,NULL,NULL,'https://ak-static.cms.nba.com/wp-content/uploads/headshots/nba/1610612746/2017/260x190/203710.png'),('1627744','Brice Johnson','bricejohnson','laclippers',11,'F','6-10',230,'JUN 27, 1994','448',NULL,NULL,'3.8,44.4,0.0,100.0,2.5,1.8,0.5,0.3','https://ak-static.cms.nba.com/wp-content/uploads/headshots/nba/1610612746/2017/260x190/1627744.png'),('203966','Jamil Wilson','jamilwilson','laclippers',13,'F','6-7',229,'NOV 21, 1990','418',NULL,NULL,NULL,'https://ak-static.cms.nba.com/wp-content/uploads/headshots/nba/1610612746/2017/260x190/203966.png'),('201976','Patrick Beverley','patrickbeverley','laclippers',21,'G','6-1',185,'JUL 12, 1988','462',NULL,NULL,'28.5,41.5,37.6,76.3,9.3,4.1,3.4,0.4','https://ak-static.cms.nba.com/wp-content/uploads/headshots/nba/1610612746/2017/260x190/201976.png'),('101150','Lou Williams','louwilliams','laclippers',23,'G','6-1',175,'OCT 27, 1986','4110',NULL,NULL,'23.6,41.8,34.5,82.7,12.8,2.1,2.9,0.2','https://ak-static.cms.nba.com/wp-content/uploads/headshots/nba/1610612746/2017/260x190/101150.png'),('203085','Austin Rivers','austinrivers','laclippers',25,'G','6-4',200,'AUG 01, 1992','420',NULL,NULL,'22.6,41.6,34.3,64.9,8.4,2.0,2.2,0.1','https://ak-static.cms.nba.com/wp-content/uploads/headshots/nba/1610612746/2017/260x190/203085.png'),('201933','Blake Griffin','blakegriffin','laclippers',32,'F','6-10',251,'MAR 16, 1989','4111',NULL,NULL,'35.2,51.8,30.8,67.4,21.5,9.4,4.1,0.6','https://ak-static.cms.nba.com/wp-content/uploads/headshots/nba/1610612746/2017/260x190/201933.png'),('202325','Wesley Johnson','wesleyjohnson','laclippers',33,'F','6-7',215,'JUL 11, 1987','454',NULL,NULL,'23.0,40.6,33.7,74.2,7.4,3.3,1.1,0.7','https://ak-static.cms.nba.com/wp-content/uploads/headshots/nba/1610612746/2017/260x190/202325.png'),('203186','Willie Reed','williereed','laclippers',35,'C','6-11',245,'MAY 16, 1990','4112',NULL,NULL,'13.2,57.4,25.0,55.9,5.1,4.1,0.3,0.7','https://ak-static.cms.nba.com/wp-content/uploads/headshots/nba/1610612746/2017/260x190/203186.png'),('1628398','Kyle Kuzma','kylekuzma','losangeleslakers',0,'F','6-9',220,'JUL 24, 1995','4113',NULL,NULL,'25.8,60.7,30.0,66.7,14.3,4.3,1.7,0.0','https://ak-static.cms.nba.com/wp-content/uploads/headshots/nba/1610612747/2017/260x190/1628398.png'),('203484','Kentavious Caldwell-Pope','kentaviouscaldwellpope','losangeleslakers',1,'G','6-5',205,'FEB 18, 1993','4104',NULL,NULL,'30.3,40.6,33.4,78.6,11.7,3.0,1.6,0.2','https://ak-static.cms.nba.com/wp-content/uploads/headshots/nba/1610612747/2017/260x190/203484.png'),('1628366','Lonzo Ball','lonzoball','losangeleslakers',2,'G','6-6',190,'OCT 27, 1997','4105',NULL,NULL,'34.4,34.8,29.4,50.0,13.3,9.3,8.7,0.3','https://ak-static.cms.nba.com/wp-content/uploads/headshots/nba/1610612747/2017/260x190/1628366.png'),('201147','Corey Brewer','coreybrewer','losangeleslakers',3,'F','6-9',186,'MAR 05, 1986','434',NULL,NULL,'23.9,42.4,28.3,71.2,9.2,2.9,1.6,0.3','https://ak-static.cms.nba.com/wp-content/uploads/headshots/nba/1610612747/2017/260x190/201147.png'),('1627936','Alex Caruso','alexcaruso','losangeleslakers',4,'G','6-5',186,'FEB 28, 1994','4108',NULL,NULL,'9.5,50.0,0.0,0.0,1.0,1.0,2.0,0.0','https://ak-static.cms.nba.com/wp-content/uploads/headshots/nba/1610612747/2017/260x190/1627936.png'),('1628404','Josh Hart','joshhart','losangeleslakers',5,'G','6-5',215,'MAR 06, 1995','466',NULL,NULL,'8.5,66.7,50.0,0.0,2.5,2.0,0.5,0.0','https://ak-static.cms.nba.com/wp-content/uploads/headshots/nba/1610612747/2017/260x190/1628404.png'),('203903','Jordan Clarkson','jordanclarkson','losangeleslakers',6,'G','6-5',194,'JUN 07, 1992','441',NULL,NULL,'29.1,44.2,33.7,81.0,14.3,3.4,2.8,0.1','https://ak-static.cms.nba.com/wp-content/uploads/headshots/nba/1610612747/2017/260x190/203903.png'),('1626204','Larry Nance Jr.','larrynancejr','losangeleslakers',7,'F','6-9',230,'JAN 01, 1993','4114',NULL,NULL,'21.5,52.8,23.4,71.4,6.4,5.4,1.1,0.5','https://ak-static.cms.nba.com/wp-content/uploads/headshots/nba/1610612747/2017/260x190/1626204.png'),('2736','Luol Deng','luoldeng','losangeleslakers',9,'F','6-9',220,'APR 16, 1985','420',NULL,NULL,'34.7,45.5,33.2,77.0,15.0,6.1,2.3,0.5','https://ak-static.cms.nba.com/wp-content/uploads/headshots/nba/1610612747/2017/260x190/2736.png'),('203898','Tyler Ennis','tylerennis','losangeleslakers',10,'G','6-3',194,'AUG 24, 1994','454',NULL,NULL,'12.4,41.7,34.2,77.3,4.1,1.2,1.9,0.1','https://ak-static.cms.nba.com/wp-content/uploads/headshots/nba/1610612747/2017/260x190/203898.png'),('201572','Brook Lopez','brooklopez','losangeleslakers',11,'C','7-0',268,'APR 01, 1988','469',NULL,NULL,'32.2,50.5,32.7,79.4,18.6,7.1,1.5,1.7','https://ak-static.cms.nba.com/wp-content/uploads/headshots/nba/1610612747/2017/260x190/201572.png'),('1627742','Brandon Ingram','brandoningram','losangeleslakers',14,'F','6-9',190,'SEP 02, 1997','420',NULL,NULL,'28.9,40.2,30.1,62.9,9.6,4.0,2.1,0.5','https://ak-static.cms.nba.com/wp-content/uploads/headshots/nba/1610612747/2017/260x190/1627742.png'),('203505','Vander Blue','vanderblue','losangeleslakers',17,'G','6-5',200,'JUL 17, 1992','474',NULL,NULL,'17.7,32.4,18.2,30.0,5.4,2.4,1.8,0.0','https://ak-static.cms.nba.com/wp-content/uploads/headshots/nba/1610612747/2017/260x190/203505.png'),('203944','Julius Randle','juliusrandle','losangeleslakers',30,'F','6-9',250,'NOV 29, 1994','449',NULL,NULL,'28.2,45.9,27.0,71.3,12.1,9.3,2.6,0.4','https://ak-static.cms.nba.com/wp-content/uploads/headshots/nba/1610612747/2017/260x190/203944.png'),('1628418','Thomas Bryant','thomasbryant','losangeleslakers',31,'C','6-10',248,'JUL 31, 1997','458',NULL,NULL,NULL,'https://ak-static.cms.nba.com/wp-content/uploads/headshots/nba/1610612747/2017/260x190/1628418.png'),('1627826','Ivica Zubac','ivicazubac','losangeleslakers',40,'C','7-1',240,'MAR 18, 1997','418',NULL,NULL,'16.0,52.9,0.0,65.3,7.5,4.2,0.8,0.9','https://ak-static.cms.nba.com/wp-content/uploads/headshots/nba/1610612747/2017/260x190/1627826.png'),('101106','Andrew Bogut','andrewbogut','losangeleslakers',66,'C','7-0',260,'NOV 28, 1984','4113',NULL,NULL,'29.0,53.4,12.0,55.6,10.0,8.9,2.3,1.6','https://ak-static.cms.nba.com/wp-content/uploads/headshots/nba/1610612747/2017/260x190/101106.png'),('203210','JaMychal Green','jamychalgreen','memphisgrizzlies',0,'F','6-9',227,'JUN 21, 1990','4115',NULL,NULL,'20.6,48.7,35.7,78.0,7.4,5.4,0.9,0.4','https://ak-static.cms.nba.com/wp-content/uploads/headshots/nba/1610612763/2017/260x190/203210.png'),('1626185','Jarell Martin','jarellmartin','memphisgrizzlies',1,'F','6-10',239,'MAY 24, 1994','453',NULL,NULL,'14.0,41.7,30.3,76.3,4.7,3.7,0.3,0.2','https://ak-static.cms.nba.com/wp-content/uploads/headshots/nba/1610612763/2017/260x190/1626185.png'),('1628424','Kobi Simmons','kobisimmons','memphisgrizzlies',2,'G','6-4',170,'JUL 04, 1997','435',NULL,NULL,NULL,'https://ak-static.cms.nba.com/wp-content/uploads/headshots/nba/1610612763/2017/260x190/1628424.png'),('1626150','Andrew Harrison','andrewharrison','memphisgrizzlies',5,'G','6-6',213,'OCT 28, 1994','449',NULL,NULL,'20.4,32.3,27.3,76.8,5.8,1.9,2.7,0.3','https://ak-static.cms.nba.com/wp-content/uploads/headshots/nba/1610612763/2017/260x190/1626150.png'),('201596','Mario Chalmers','mariochalmers','memphisgrizzlies',6,'G','6-2',190,'MAY 19, 1986','429',NULL,NULL,'27.3,42.1,35.7,78.5,9.0,2.5,3.8,0.2','https://ak-static.cms.nba.com/wp-content/uploads/headshots/nba/1610612763/2017/260x190/201596.png'),('1627782','Wayne Selden','wayneselden','memphisgrizzlies',7,'G-F','6-5',230,'SEP 30, 1994','429',NULL,NULL,'16.9,43.1,25.0,63.6,5.1,1.1,0.9,0.1','https://ak-static.cms.nba.com/wp-content/uploads/headshots/nba/1610612763/2017/260x190/1627782.png'),('203516','James Ennis III','jamesennisiii','memphisgrizzlies',8,'F','6-7',210,'JUL 01, 1990','4116',NULL,NULL,'19.6,44.9,37.5,79.8,6.2,3.3,0.9,0.3','https://ak-static.cms.nba.com/wp-content/uploads/headshots/nba/1610612763/2017/260x190/203516.png'),('1628397','Ivan Rabb','ivanrabb','memphisgrizzlies',10,'F','6-10',220,'FEB 04, 1997','426',NULL,NULL,NULL,'https://ak-static.cms.nba.com/wp-content/uploads/headshots/nba/1610612763/2017/260x190/1628397.png'),('201144','Mike Conley','mikeconley','memphisgrizzlies',11,'G','6-1',175,'OCT 11, 1987','437',NULL,NULL,'32.5,44.2,37.9,81.5,14.3,2.9,5.7,0.2','https://ak-static.cms.nba.com/wp-content/uploads/headshots/nba/1610612763/2017/260x190/201144.png'),('201936','Tyreke Evans','tyrekeevans','memphisgrizzlies',12,'G','6-6',220,'SEP 19, 1989','471',NULL,NULL,'32.1,44.3,29.6,75.6,16.1,4.8,5.1,0.4','https://ak-static.cms.nba.com/wp-content/uploads/headshots/nba/1610612763/2017/260x190/201936.png'),('1627738','Deyonta Davis','deyontadavis','memphisgrizzlies',21,'C','6-11',237,'DEC 02, 1996','470',NULL,NULL,'6.6,51.1,0.0,55.6,1.6,1.7,0.1,0.5','https://ak-static.cms.nba.com/wp-content/uploads/headshots/nba/1610612763/2017/260x190/1627738.png'),('203463','Ben McLemore','benmclemore','memphisgrizzlies',23,'G','6-5',195,'FEB 11, 1993','429',NULL,NULL,'25.5,41.7,35.2,78.0,9.4,2.6,1.2,0.2','https://ak-static.cms.nba.com/wp-content/uploads/headshots/nba/1610612763/2017/260x190/203463.png'),('1628415','Dillon Brooks','dillonbrooks','memphisgrizzlies',24,'F-G','6-6',220,'JAN 22, 1996','410',NULL,NULL,'27.6,54.5,20.0,60.0,10.3,2.3,1.3,1.0','https://ak-static.cms.nba.com/wp-content/uploads/headshots/nba/1610612763/2017/260x190/1628415.png'),('202718','Chandler Parsons','chandlerparsons','memphisgrizzlies',25,'F','6-10',230,'OCT 25, 1988','434',NULL,NULL,'32.0,46.6,37.4,70.8,13.5,4.8,2.9,0.4','https://ak-static.cms.nba.com/wp-content/uploads/headshots/nba/1610612763/2017/260x190/202718.png'),('629208','Vince Hunter','vincehunter','memphisgrizzlies',32,'F','6-8',208,'AUG 05, 1994','457',NULL,NULL,NULL,'https://ak-static.cms.nba.com/wp-content/uploads/headshots/nba/1610612763/2017/260x190/629208.png'),('201188','Marc Gasol','marcgasol','memphisgrizzlies',33,'C','7-1',255,'JAN 29, 1985','4117',NULL,NULL,'33.8,49.6,34.7,77.4,15.0,7.6,3.2,1.5','https://ak-static.cms.nba.com/wp-content/uploads/headshots/nba/1610612763/2017/260x190/201188.png'),('201148','Brandan Wright','brandanwright','memphisgrizzlies',34,'F-C','6-10',235,'OCT 05, 1987','448',NULL,NULL,'16.4,60.9,0.0,67.4,7.1,3.7,0.5,1.0','https://ak-static.cms.nba.com/wp-content/uploads/headshots/nba/1610612763/2017/260x190/201148.png'),('1626196','Josh Richardson','joshrichardson','miamiheat',0,'G','6-6',200,'SEP 15, 1993','491',NULL,NULL,'26.2,41.6,37.5,72.4,8.5,2.7,2.0,0.6','https://ak-static.cms.nba.com/wp-content/uploads/headshots/nba/1610612748/2017/260x190/1626196.png'),('201961','Wayne Ellington','wayneellington','miamiheat',2,'G','6-5',200,'NOV 29, 1987','448',NULL,NULL,'20.1,41.2,37.8,85.1,7.5,2.1,1.1,0.1','https://ak-static.cms.nba.com/wp-content/uploads/headshots/nba/1610612748/2017/260x190/201961.png'),('1627773','AJ Hammons','ajhammons','miamiheat',4,'C','7-0',260,'AUG 27, 1992','4118',NULL,NULL,'7.4,40.5,50.0,45.0,2.2,1.6,0.2,0.6','https://ak-static.cms.nba.com/wp-content/uploads/headshots/nba/1610612748/2017/260x190/1627773.png'),('201609','Goran Dragic','gorandragic','miamiheat',7,'G','6-3',190,'MAY 06, 1986','4119',NULL,NULL,'27.6,47.1,36.3,75.6,13.4,2.9,4.8,0.2','https://ak-static.cms.nba.com/wp-content/uploads/headshots/nba/1610612748/2017/260x190/201609.png'),('204020','Tyler Johnson','tylerjohnson','miamiheat',8,'G','6-4',190,'MAY 07, 1992','4120',NULL,NULL,'25.8,43.9,36.8,76.4,10.6,3.4,2.5,0.5','https://ak-static.cms.nba.com/wp-content/uploads/headshots/nba/1610612748/2017/260x190/204020.png'),('203482','Kelly Olynyk','kellyolynyk','miamiheat',9,'C-F','7-0',245,'APR 19, 1991','4103',NULL,NULL,'20.8,47.7,36.9,74.2,9.5,4.7,1.7,0.5','https://ak-static.cms.nba.com/wp-content/uploads/headshots/nba/1610612748/2017/260x190/203482.png'),('203079','Dion Waiters','dionwaiters','miamiheat',11,'G','6-4',215,'DEC 10, 1991','454',NULL,NULL,'28.6,41.4,34.6,69.7,13.3,2.6,2.7,0.3','https://ak-static.cms.nba.com/wp-content/uploads/headshots/nba/1610612748/2017/260x190/203079.png'),('1628475','Matt Williams Jr.','mattwilliamsjr','miamiheat',12,'G','6-5',210,'OCT 14, 1993','4121',NULL,NULL,NULL,'https://ak-static.cms.nba.com/wp-content/uploads/headshots/nba/1610612748/2017/260x190/1628475.png'),('1628389','Bam Adebayo','bamadebayo','miamiheat',13,'C-F','6-10',255,'JUL 18, 1997','449',NULL,NULL,'5.7,0.0,0.0,0.0,0.0,0.0,0.0,0.0','https://ak-static.cms.nba.com/wp-content/uploads/headshots/nba/1610612748/2017/260x190/1628389.png'),('1628476','Derrick Walton Jr.','derrickwaltonjr','miamiheat',14,'G','6-1',185,'APR 03, 1995','446',NULL,NULL,NULL,'https://ak-static.cms.nba.com/wp-content/uploads/headshots/nba/1610612748/2017/260x190/1628476.png'),('1627855','Okaro White','okarowhite','miamiheat',15,'F','6-8',215,'AUG 13, 1992','452',NULL,NULL,'13.5,37.9,35.3,90.9,2.8,2.3,0.6,0.3','https://ak-static.cms.nba.com/wp-content/uploads/headshots/nba/1610612748/2017/260x190/1627855.png'),('201949','James Johnson','jamesjohnson','miamiheat',16,'F','6-8',240,'FEB 20, 1987','421',NULL,NULL,'19.8,47.8,29.4,69.0,7.6,3.5,1.9,1.0','https://ak-static.cms.nba.com/wp-content/uploads/headshots/nba/1610612748/2017/260x190/201949.png'),('203585','Rodney McGruder','rodneymcgruder','miamiheat',17,'G-F','6-4',200,'JUL 29, 1991','4122',NULL,NULL,'25.2,41.3,33.2,62.0,6.4,3.3,1.6,0.2','https://ak-static.cms.nba.com/wp-content/uploads/headshots/nba/1610612748/2017/260x190/203585.png'),('1626159','Justise Winslow','justisewinslow','miamiheat',20,'F','6-7',225,'MAR 26, 1996','420',NULL,NULL,'29.6,40.2,25.8,66.3,7.3,5.2,1.9,0.3','https://ak-static.cms.nba.com/wp-content/uploads/headshots/nba/1610612748/2017/260x190/1626159.png'),('202355','Hassan Whiteside','hassanwhiteside','miamiheat',21,'C','7-0',265,'JUN 13, 1989','4123',NULL,NULL,'27.2,58.5,100.0,61.2,13.6,11.4,0.4,2.6','https://ak-static.cms.nba.com/wp-content/uploads/headshots/nba/1610612748/2017/260x190/202355.png'),('1626175','Jordan Mickey','jordanmickey','miamiheat',25,'F','6-8',235,'JUL 09, 1994','453',NULL,NULL,'5.3,43.1,0.0,52.0,1.6,1.4,0.2,0.4','https://ak-static.cms.nba.com/wp-content/uploads/headshots/nba/1610612748/2017/260x190/1626175.png'),('2617','Udonis Haslem','udonishaslem','miamiheat',40,'F','6-8',235,'JUN 09, 1980','434',NULL,NULL,'25.8,49.1,8.6,75.6,7.8,6.9,0.9,0.3','https://ak-static.cms.nba.com/wp-content/uploads/headshots/nba/1610612748/2017/260x190/2617.png'),('1627780','Gary Payton II','garypaytonii','milwaukeebucks',0,'G','6-3',190,'DEC 01, 1992','490',NULL,NULL,'14.7,34.8,10.0,60.0,2.9,1.7,1.9,0.6','https://ak-static.cms.nba.com/wp-content/uploads/headshots/nba/1610612749/2017/260x190/1627780.png'),('1891','Jason Terry','jasonterry','milwaukeebucks',3,'G','6-2',185,'SEP 15, 1977','435',NULL,NULL,'30.3,44.4,38.0,84.5,13.8,2.4,3.9,0.2','https://ak-static.cms.nba.com/wp-content/uploads/headshots/nba/1610612749/2017/260x190/1891.png'),('1628391','D.J. Wilson','djwilson','milwaukeebucks',5,'F','6-10',236,'FEB 19, 1996','446',NULL,NULL,'1.2,0.0,0.0,0.0,0.0,0.0,0.0,0.0','https://ak-static.cms.nba.com/wp-content/uploads/headshots/nba/1610612749/2017/260x190/1628391.png'),('1627748','Thon Maker','thonmaker','milwaukeebucks',7,'F','7-1',223,'FEB 25, 1997','418',NULL,NULL,'10.3,44.5,36.9,66.0,4.0,2.0,0.4,0.5','https://ak-static.cms.nba.com/wp-content/uploads/headshots/nba/1610612749/2017/260x190/1627748.png'),('203521','Matthew Dellavedova','matthewdellavedova','milwaukeebucks',8,'G','6-4',198,'SEP 08, 1990','4124',NULL,NULL,'22.4,39.2,38.8,83.1,6.2,1.9,3.7,0.1','https://ak-static.cms.nba.com/wp-content/uploads/headshots/nba/1610612749/2017/260x190/203521.png'),('203953','Jabari Parker','jabariparker','milwaukeebucks',12,'F','6-8',250,'MAR 15, 1995','420',NULL,NULL,'32.1,49.1,34.1,74.8,15.8,5.6,2.1,0.4','https://ak-static.cms.nba.com/wp-content/uploads/headshots/nba/1610612749/2017/260x190/203953.png'),('1627763','Malcolm Brogdon','malcolmbrogdon','milwaukeebucks',13,'G','6-5',215,'DEC 11, 1992','442',NULL,NULL,'26.8,45.8,41.1,86.6,10.4,2.8,4.2,0.2','https://ak-static.cms.nba.com/wp-content/uploads/headshots/nba/1610612749/2017/260x190/1627763.png'),('202328','Greg Monroe','gregmonroe','milwaukeebucks',15,'C-F','6-11',265,'JUN 04, 1990','479',NULL,NULL,'29.6,51.1,0.0,70.5,14.0,8.7,2.3,0.6','https://ak-static.cms.nba.com/wp-content/uploads/headshots/nba/1610612749/2017/260x190/202328.png'),('1626173','Rashad Vaughn','rashadvaughn','milwaukeebucks',20,'G','6-6',202,'AUG 16, 1996','4125',NULL,NULL,'13.0,32.6,30.1,70.0,3.2,1.2,0.5,0.2','https://ak-static.cms.nba.com/wp-content/uploads/headshots/nba/1610612749/2017/260x190/1626173.png'),('203503','Tony Snell','tonysnell','milwaukeebucks',21,'G','6-7',221,'NOV 10, 1991','4126',NULL,NULL,'21.6,41.9,37.4,81.8,6.2,2.5,1.0,0.2','https://ak-static.cms.nba.com/wp-content/uploads/headshots/nba/1610612749/2017/260x190/203503.png'),('203114','Khris Middleton','khrismiddleton','milwaukeebucks',22,'F','6-8',234,'AUG 12, 1991','4108',NULL,NULL,'30.7,44.8,39.9,87.6,13.8,3.9,2.8,0.2','https://ak-static.cms.nba.com/wp-content/uploads/headshots/nba/1610612749/2017/260x190/203114.png'),('1628425','Sterling Brown','sterlingbrown','milwaukeebucks',23,'G','6-6',230,'FEB 10, 1995','433',NULL,NULL,'5.7,33.3,100.0,0.0,3.0,0.0,0.0,0.0','https://ak-static.cms.nba.com/wp-content/uploads/headshots/nba/1610612749/2017/260x190/1628425.png'),('1627762','Joel Bolomboy','joelbolomboy','milwaukeebucks',24,'F-C','6-9',235,'JAN 28, 1994','4127',NULL,NULL,'4.4,56.3,25.0,50.0,1.8,1.4,0.2,0.2','https://ak-static.cms.nba.com/wp-content/uploads/headshots/nba/1610612749/2017/260x190/1627762.png'),('202732','DeAndre Liggins','deandreliggins','milwaukeebucks',25,'G','6-6',209,'MAR 31, 1988','449',NULL,NULL,'10.1,41.2,34.7,55.8,2.1,1.5,0.6,0.2','https://ak-static.cms.nba.com/wp-content/uploads/headshots/nba/1610612749/2017/260x190/202732.png'),('203089','John Henson','johnhenson','milwaukeebucks',31,'F','6-11',229,'DEC 28, 1990','448',NULL,NULL,'19.0,53.4,0.0,57.3,7.6,5.1,1.0,1.5','https://ak-static.cms.nba.com/wp-content/uploads/headshots/nba/1610612749/2017/260x190/203089.png'),('203507','Giannis Antetokounmpo','giannisantetokounmpo','milwaukeebucks',34,'F','6-11',222,'DEC 06, 1994','4128',NULL,NULL,'31.9,50.1,27.6,74.0,15.2,6.9,3.6,1.3','https://ak-static.cms.nba.com/wp-content/uploads/headshots/nba/1610612749/2017/260x190/203507.png'),('203141','Mirza Teletovic','mirzateletovic','milwaukeebucks',35,'F','6-9',242,'SEP 17, 1985','4129',NULL,NULL,'17.8,40.5,36.9,75.5,8.2,3.2,0.8,0.3','https://ak-static.cms.nba.com/wp-content/uploads/headshots/nba/1610612749/2017/260x190/203141.png'),('201952','Jeff Teague','jeffteague','minnesotatimberwolves',0,'G','6-2',189,'JUN 10, 1988','421',NULL,NULL,'27.0,44.7,35.5,84.5,12.6,2.4,5.5,0.3','https://ak-static.cms.nba.com/wp-content/uploads/headshots/nba/1610612750/2017/260x190/201952.png'),('1626145','Tyus Jones','tyusjones','minnesotatimberwolves',1,'G','6-2',184,'MAY 10, 1996','420',NULL,NULL,'13.9,38.6,32.8,74.1,3.7,1.2,2.7,0.1','https://ak-static.cms.nba.com/wp-content/uploads/headshots/nba/1610612750/2017/260x190/1626145.png'),('1626148','Anthony Brown','anthonybrown','minnesotatimberwolves',3,'F','6-7',224,'OCT 10, 1992','469',NULL,NULL,'18.9,32.4,27.8,85.0,4.0,2.6,0.7,0.2','https://ak-static.cms.nba.com/wp-content/uploads/headshots/nba/1610612750/2017/260x190/1626148.png'),('203476','Gorgui Dieng','gorguidieng','minnesotatimberwolves',5,'C','6-11',251,'JAN 18, 1990','428',NULL,NULL,'26.4,51.0,34.2,78.5,8.8,7.2,1.6,1.2','https://ak-static.cms.nba.com/wp-content/uploads/headshots/nba/1610612750/2017/260x190/203476.png'),('202357','Nemanja Bjelica','nemanjabjelica','minnesotatimberwolves',8,'F','6-10',230,'MAY 09, 1988','418',NULL,NULL,'18.0,44.5,35.2,73.7,5.7,3.6,1.3,0.3','https://ak-static.cms.nba.com/wp-content/uploads/headshots/nba/1610612750/2017/260x190/202357.png'),('2037','Jamal Crawford','jamalcrawford','minnesotatimberwolves',11,'G','6-5',185,'MAR 20, 1980','446',NULL,NULL,'30.5,41.0,35.0,86.1,15.3,2.3,3.5,0.2','https://ak-static.cms.nba.com/wp-content/uploads/headshots/nba/1610612750/2017/260x190/2037.png'),('1627875','Marcus Georges-Hunt','marcusgeorgeshunt','minnesotatimberwolves',13,'G','6-5',226,'MAR 28, 1994','472',NULL,NULL,'9.5,28.6,50.0,90.0,2.8,1.8,0.6,0.0','https://ak-static.cms.nba.com/wp-content/uploads/headshots/nba/1610612750/2017/260x190/1627875.png'),('203498','Shabazz Muhammad','shabazzmuhammad','minnesotatimberwolves',15,'F','6-6',221,'NOV 13, 1992','464',NULL,NULL,'18.4,47.5,32.2,74.9,9.6,2.9,0.6,0.1','https://ak-static.cms.nba.com/wp-content/uploads/headshots/nba/1610612750/2017/260x190/203498.png'),('203952','Andrew Wiggins','andrewwiggins','minnesotatimberwolves',22,'G','6-8',202,'FEB 23, 1995','429',NULL,NULL,'36.2,45.0,33.2,75.8,20.4,4.1,2.1,0.5','https://ak-static.cms.nba.com/wp-content/uploads/headshots/nba/1610612750/2017/260x190/203952.png'),('202710','Jimmy Butler','jimmybutler','minnesotatimberwolves',23,'F','6-8',236,'SEP 14, 1989','474',NULL,NULL,'32.3,44.7,33.7,82.8,15.5,4.8,3.1,0.5','https://ak-static.cms.nba.com/wp-content/uploads/headshots/nba/1610612750/2017/260x190/202710.png'),('1628383','Justin Patton','justinpatton','minnesotatimberwolves',24,'C','7-0',236,'JUN 14, 1997','478',NULL,NULL,NULL,'https://ak-static.cms.nba.com/wp-content/uploads/headshots/nba/1610612750/2017/260x190/1628383.png'),('201166','Aaron Brooks','aaronbrooks','minnesotatimberwolves',30,'G','6-0',161,'JAN 14, 1985','410',NULL,NULL,'21.6,41.3,37.0,83.9,10.1,1.7,3.1,0.1','https://ak-static.cms.nba.com/wp-content/uploads/headshots/nba/1610612750/2017/260x190/201166.png'),('1626157','Karl-Anthony Towns','karlanthonytowns','minnesotatimberwolves',32,'C','7-0',248,'NOV 15, 1995','449',NULL,NULL,'34.5,54.3,35.8,82.4,21.7,11.4,2.3,1.5','https://ak-static.cms.nba.com/wp-content/uploads/headshots/nba/1610612750/2017/260x190/1626157.png'),('202332','Cole Aldrich','colealdrich','minnesotatimberwolves',45,'C','6-11',253,'OCT 31, 1988','429',NULL,NULL,'10.5,53.1,0.0,74.8,3.3,3.5,0.6,0.7','https://ak-static.cms.nba.com/wp-content/uploads/headshots/nba/1610612750/2017/260x190/202332.png'),('201959','Taj Gibson','tajgibson','minnesotatimberwolves',67,'F','6-9',235,'JUN 24, 1985','417',NULL,NULL,'25.1,49.5,12.8,69.4,9.4,6.3,1.0,1.2','https://ak-static.cms.nba.com/wp-content/uploads/headshots/nba/1610612750/2017/260x190/201959.png'),('202326','DeMarcus Cousins','demarcuscousins','neworleanspelicans',0,'F','6-11',270,'AUG 13, 1990','449',NULL,NULL,'32.0,45.9,32.9,73.6,21.2,10.8,3.0,1.2','https://ak-static.cms.nba.com/wp-content/uploads/headshots/nba/1610612740/2017/260x190/202326.png'),('2749','Jameer Nelson','jameernelson','neworleanspelicans',1,'G','6-0',190,'FEB 09, 1982','425',NULL,NULL,'28.4,43.7,36.9,81.0,11.7,3.0,5.2,0.1','https://ak-static.cms.nba.com/wp-content/uploads/headshots/nba/1610612740/2017/260x190/2749.png'),('203546','Ian Clark','ianclark','neworleanspelicans',2,'G','6-3',175,'MAR 07, 1991','4130',NULL,NULL,'10.8,46.0,37.2,79.6,4.6,1.2,0.9,0.1','https://ak-static.cms.nba.com/wp-content/uploads/headshots/nba/1610612740/2017/260x190/203546.png'),('201600','Omer Asik','omerasik','neworleanspelicans',3,'C','7-0',255,'JUL 04, 1986','4131',NULL,NULL,'19.9,52.9,0.0,55.4,5.4,7.3,0.6,0.7','https://ak-static.cms.nba.com/wp-content/uploads/headshots/nba/1610612740/2017/260x190/201600.png'),('1628429','Charles Cooke','charlescooke','neworleanspelicans',4,'G','6-5',196,'JUL 01, 1994','418',NULL,NULL,NULL,'https://ak-static.cms.nba.com/wp-content/uploads/headshots/nba/1610612740/2017/260x190/1628429.png'),('200765','Rajon Rondo','rajonrondo','neworleanspelicans',9,'G','6-1',186,'FEB 22, 1986','449',NULL,NULL,'32.3,46.3,30.4,60.6,10.7,4.9,8.5,0.1','https://ak-static.cms.nba.com/wp-content/uploads/headshots/nba/1610612740/2017/260x190/200765.png'),('201950','Jrue Holiday','jrueholiday','neworleanspelicans',11,'G','6-4',205,'JUN 12, 1990','464',NULL,NULL,'32.3,44.0,36.4,78.8,14.2,3.6,6.2,0.4','https://ak-static.cms.nba.com/wp-content/uploads/headshots/nba/1610612740/2017/260x190/201950.png'),('1627883','Jalen Jones','jalenjones','neworleanspelicans',12,'F','6-7',220,'MAY 27, 1993','4108',NULL,NULL,NULL,'https://ak-static.cms.nba.com/wp-content/uploads/headshots/nba/1610612740/2017/260x190/1627883.png'),('1627767','Cheick Diallo','cheickdiallo','neworleanspelicans',13,'F','6-9',220,'SEP 13, 1996','429',NULL,NULL,'11.7,47.4,0.0,71.4,4.8,4.1,0.2,0.4','https://ak-static.cms.nba.com/wp-content/uploads/headshots/nba/1610612740/2017/260x190/1627767.png'),('1628402','Frank Jackson','frankjackson','neworleanspelicans',15,'G','6-3',205,'MAY 04, 1998','420',NULL,NULL,NULL,'https://ak-static.cms.nba.com/wp-content/uploads/headshots/nba/1610612740/2017/260x190/1628402.png'),('203121','Darius Miller','dariusmiller','neworleanspelicans',21,'F','6-8',225,'MAR 21, 1990','449',NULL,NULL,'14.4,41.6,34.3,84.1,3.1,1.3,0.9,0.2','https://ak-static.cms.nba.com/wp-content/uploads/headshots/nba/1610612740/2017/260x190/203121.png'),('203076','Anthony Davis','anthonydavis','neworleanspelicans',23,'F-C','6-10',253,'MAR 11, 1993','449',NULL,NULL,'34.5,51.3,29.6,78.6,22.5,10.2,1.8,2.4','https://ak-static.cms.nba.com/wp-content/uploads/headshots/nba/1610612740/2017/260x190/203076.png'),('2754','Tony Allen','tonyallen','neworleanspelicans',24,'G-F','6-4',213,'JAN 11, 1982','432',NULL,NULL,'22.2,47.5,28.0,71.1,8.2,3.5,1.3,0.4','https://ak-static.cms.nba.com/wp-content/uploads/headshots/nba/1610612740/2017/260x190/2754.png'),('201967','Dante Cunningham','dantecunningham','neworleanspelicans',33,'F','6-8',230,'APR 22, 1987','466',NULL,NULL,'21.5,47.1,32.3,64.9,6.1,3.8,0.7,0.5','https://ak-static.cms.nba.com/wp-content/uploads/headshots/nba/1610612740/2017/260x190/201967.png'),('201582','Alexis Ajinca','alexisajinca','neworleanspelicans',42,'C','7-2',248,'MAY 06, 1988','4132',NULL,NULL,'13.3,50.3,28.6,79.7,5.3,3.9,0.5,0.6','https://ak-static.cms.nba.com/wp-content/uploads/headshots/nba/1610612740/2017/260x190/201582.png'),('203524','Solomon Hill','solomonhill','neworleanspelicans',44,'F','6-7',225,'MAR 18, 1991','435',NULL,NULL,'23.5,40.0,33.6,82.2,6.4,3.3,1.6,0.3','https://ak-static.cms.nba.com/wp-content/uploads/headshots/nba/1610612740/2017/260x190/203524.png'),('202734','E\'Twaun Moore','etwaunmoore','neworleanspelicans',55,'G','6-4',191,'FEB 25, 1989','4118',NULL,NULL,'18.8,43.6,36.9,74.7,6.6,1.8,1.7,0.2','https://ak-static.cms.nba.com/wp-content/uploads/headshots/nba/1610612740/2017/260x190/202734.png'),('202683','Enes Kanter','eneskanter','newyorkknicks',0,'C','6-11',245,'MAY 20, 1992','449',NULL,NULL,'21.3,53.0,29.6,76.9,11.3,6.7,0.6,0.4','https://ak-static.cms.nba.com/wp-content/uploads/headshots/nba/1610612752/2017/260x190/202683.png'),('201196','Ramon Sessions','ramonsessions','newyorkknicks',1,'G','6-3',190,'APR 11, 1986','414',NULL,NULL,'23.7,43.6,31.5,79.1,10.6,2.7,4.1,0.1','https://ak-static.cms.nba.com/wp-content/uploads/headshots/nba/1610612752/2017/260x190/201196.png'),('1628436','Luke Kornet','lukekornet','newyorkknicks',2,'F-C','7-1',250,'JUL 15, 1995','495',NULL,NULL,NULL,'https://ak-static.cms.nba.com/wp-content/uploads/headshots/nba/1610612752/2017/260x190/1628436.png'),('203501','Tim Hardaway Jr.','timhardawayjr','newyorkknicks',3,'G','6-6',205,'MAR 16, 1992','446',NULL,NULL,'23.5,42.5,35.1,80.4,11.0,2.1,1.5,0.2','https://ak-static.cms.nba.com/wp-content/uploads/headshots/nba/1610612752/2017/260x190/203501.png'),('1628439','Isaiah Hicks','isaiahhicks','newyorkknicks',4,'F','6-9',242,'JUL 24, 1994','418',NULL,NULL,NULL,'https://ak-static.cms.nba.com/wp-content/uploads/headshots/nba/1610612752/2017/260x190/1628439.png'),('201584','Courtney Lee','courtneylee','newyorkknicks',5,'G','6-5',200,'OCT 03, 1985','4133',NULL,NULL,'27.9,45.1,38.6,84.8,9.8,2.7,1.7,0.3','https://ak-static.cms.nba.com/wp-content/uploads/headshots/nba/1610612752/2017/260x190/201584.png'),('204001','Kristaps Porzingis','kristapsporzingis','newyorkknicks',6,'F-C','7-3',240,'AUG 02, 1995','418',NULL,NULL,'30.6,43.7,34.7,81.0,16.3,7.3,1.4,1.9','https://ak-static.cms.nba.com/wp-content/uploads/headshots/nba/1610612752/2017/260x190/204001.png'),('201563','Michael Beasley','michaelbeasley','newyorkknicks',8,'F','6-9',235,'JAN 09, 1989','4122',NULL,NULL,'23.5,45.8,34.6,75.7,12.6,4.7,1.3,0.5','https://ak-static.cms.nba.com/wp-content/uploads/headshots/nba/1610612752/2017/260x190/201563.png'),('203124','Kyle O\'Quinn','kyleoquinn','newyorkknicks',9,'C-F','6-10',250,'MAR 26, 1990','4134',NULL,NULL,'14.5,50.3,21.8,73.9,5.5,4.6,1.2,0.9','https://ak-static.cms.nba.com/wp-content/uploads/headshots/nba/1610612752/2017/260x190/203124.png'),('1628373','Frank Ntilikina','frankntilikina','newyorkknicks',11,'G','6-5',190,'JUL 28, 1998','418',NULL,NULL,'7.5,0.0,0.0,0.0,0.0,0.0,1.0,0.0','https://ak-static.cms.nba.com/wp-content/uploads/headshots/nba/1610612752/2017/260x190/1628373.png'),('201149','Joakim Noah','joakimnoah','newyorkknicks',13,'C','6-11',230,'FEB 25, 1985','434',NULL,NULL,'28.9,49.0,0.0,69.9,9.0,9.4,2.9,1.4','https://ak-static.cms.nba.com/wp-content/uploads/headshots/nba/1610612752/2017/260x190/201149.png'),('1626195','Willy Hernangomez','willyhernangomez','newyorkknicks',14,'C','6-11',240,'MAY 27, 1994','4135',NULL,NULL,'18.2,53.0,26.7,73.0,8.1,6.9,1.3,0.5','https://ak-static.cms.nba.com/wp-content/uploads/headshots/nba/1610612752/2017/260x190/1626195.png'),('203926','Doug McDermott','dougmcdermott','newyorkknicks',20,'F','6-8',219,'JAN 03, 1992','478',NULL,NULL,'20.2,44.5,39.2,83.6,8.0,2.3,0.7,0.1','https://ak-static.cms.nba.com/wp-content/uploads/headshots/nba/1610612752/2017/260x190/203926.png'),('1628422','Damyean Dotson','damyeandotson','newyorkknicks',21,'G','6-5',210,'MAY 06, 1994','4136',NULL,NULL,'2.8,0.0,0.0,0.0,0.0,0.0,0.0,0.0','https://ak-static.cms.nba.com/wp-content/uploads/headshots/nba/1610612752/2017/260x190/1628422.png'),('1627758','Ron Baker','ronbaker','newyorkknicks',31,'G','6-4',220,'MAR 30, 1993','4137',NULL,NULL,'16.6,38.0,28.1,60.8,4.1,1.9,2.1,0.1','https://ak-static.cms.nba.com/wp-content/uploads/headshots/nba/1610612752/2017/260x190/1627758.png'),('202498','Lance Thomas','lancethomas','newyorkknicks',42,'F','6-8',235,'APR 24, 1988','420',NULL,NULL,'18.6,42.7,40.6,79.7,5.6,2.6,0.7,0.1','https://ak-static.cms.nba.com/wp-content/uploads/headshots/nba/1610612752/2017/260x190/202498.png'),('101127','Jarrett Jack','jarrettjack','newyorkknicks',55,'G','6-3',200,'OCT 28, 1983','472',NULL,NULL,'28.1,44.1,34.5,85.6,11.0,2.9,4.5,0.1','https://ak-static.cms.nba.com/wp-content/uploads/headshots/nba/1610612752/2017/260x190/101127.png'),('1627851','Mindaugas Kuzminskas','mindaugaskuzminskas','newyorkknicks',91,'F','6-9',215,'OCT 19, 1989','418',NULL,NULL,'14.9,42.8,32.1,80.9,6.3,1.9,1.0,0.2','https://ak-static.cms.nba.com/wp-content/uploads/headshots/nba/1610612752/2017/260x190/1627851.png'),('201566','Russell Westbrook','russellwestbrook','oklahomacitythunder',0,'G','6-3',200,'NOV 12, 1988','464',NULL,NULL,'34.1,43.3,31.3,82.2,22.7,6.2,7.9,0.3','https://ak-static.cms.nba.com/wp-content/uploads/headshots/nba/1610612760/2017/260x190/201566.png'),('101109','Raymond Felton','raymondfelton','oklahomacitythunder',2,'G','6-1',205,'JUN 26, 1984','448',NULL,NULL,'31.6,41.3,32.8,78.8,11.8,3.1,5.6,0.2','https://ak-static.cms.nba.com/wp-content/uploads/headshots/nba/1610612760/2017/260x190/101109.png'),('2555','Nick Collison','nickcollison','oklahomacitythunder',4,'F','6-10',255,'OCT 26, 1980','429',NULL,NULL,'20.7,53.3,20.8,72.6,6.0,5.2,1.0,0.5','https://ak-static.cms.nba.com/wp-content/uploads/headshots/nba/1610612760/2017/260x190/2555.png'),('2546','Carmelo Anthony','carmeloanthony','oklahomacitythunder',7,'F','6-8',240,'MAY 29, 1984','454',NULL,NULL,'36.2,45.2,34.6,81.3,24.7,6.6,3.1,0.5','https://ak-static.cms.nba.com/wp-content/uploads/headshots/nba/1610612760/2017/260x190/2546.png'),('203518','Alex Abrines','alexabrines','oklahomacitythunder',8,'G','6-6',190,'AUG 01, 1993','418',NULL,NULL,'15.8,39.3,37.5,90.2,5.9,1.3,0.6,0.1','https://ak-static.cms.nba.com/wp-content/uploads/headshots/nba/1610612760/2017/260x190/203518.png'),('203924','Jerami Grant','jeramigrant','oklahomacitythunder',9,'F','6-9',220,'MAR 12, 1994','454',NULL,NULL,'22.3,41.3,30.5,62.9,7.2,3.4,1.2,1.2','https://ak-static.cms.nba.com/wp-content/uploads/headshots/nba/1610612760/2017/260x190/203924.png'),('203500','Steven Adams','stevenadams','oklahomacitythunder',12,'C','7-0',255,'JUL 20, 1993','4138',NULL,NULL,'23.8,56.9,0.0,57.1,7.6,6.4,0.8,1.0','https://ak-static.cms.nba.com/wp-content/uploads/headshots/nba/1610612760/2017/260x190/203500.png'),('202331','Paul George','paulgeorge','oklahomacitythunder',13,'F','6-9',220,'MAY 02, 1990','4120',NULL,NULL,'32.8,43.2,36.9,85.0,18.1,6.3,3.2,0.4','https://ak-static.cms.nba.com/wp-content/uploads/headshots/nba/1610612760/2017/260x190/202331.png'),('202713','Kyle Singler','kylesingler','oklahomacitythunder',15,'F','6-8',228,'MAY 04, 1988','420',NULL,NULL,'22.5,41.9,36.2,79.3,6.7,3.0,0.8,0.3','https://ak-static.cms.nba.com/wp-content/uploads/headshots/nba/1610612760/2017/260x190/202713.png'),('203460','Andre Roberson','andreroberson','oklahomacitythunder',21,'G-F','6-7',210,'DEC 04, 1991','440',NULL,NULL,'21.9,47.2,25.9,48.9,4.5,3.9,0.8,0.6','https://ak-static.cms.nba.com/wp-content/uploads/headshots/nba/1610612760/2017/260x190/203460.png'),('1628390','Terrance Ferguson','terranceferguson','oklahomacitythunder',23,'G','6-7',184,'MAY 17, 1998','418',NULL,NULL,'10.2,20.0,0.0,0.0,1.0,0.5,0.0,0.0','https://ak-static.cms.nba.com/wp-content/uploads/headshots/nba/1610612760/2017/260x190/1628390.png'),('1627772','Daniel Hamilton','danielhamilton','oklahomacitythunder',25,'G','6-7',195,'AUG 08, 1995','450',NULL,NULL,NULL,'https://ak-static.cms.nba.com/wp-content/uploads/headshots/nba/1610612760/2017/260x190/1627772.png'),('203962','Josh Huestis','joshhuestis','oklahomacitythunder',34,'F','6-7',230,'DEC 19, 1991','469',NULL,NULL,'10.4,48.0,63.6,0.0,3.1,2.4,0.4,0.7','https://ak-static.cms.nba.com/wp-content/uploads/headshots/nba/1610612760/2017/260x190/203962.png'),('1628408','PJ Dozier','pjdozier','oklahomacitythunder',35,'G','6-6',205,'OCT 25, 1996','418',NULL,NULL,NULL,'https://ak-static.cms.nba.com/wp-content/uploads/headshots/nba/1610612760/2017/260x190/1628408.png'),('1626177','Dakari Johnson','dakarijohnson','oklahomacitythunder',44,'C','7-0',255,'SEP 22, 1995','449',NULL,NULL,'2.8,66.7,0.0,0.0,4.0,4.0,0.0,0.0','https://ak-static.cms.nba.com/wp-content/uploads/headshots/nba/1610612760/2017/260x190/1626177.png'),('202335','Patrick Patterson','patrickpatterson','oklahomacitythunder',54,'F','6-9',230,'MAR 14, 1989','449',NULL,NULL,'23.9,45.8,36.6,74.4,7.8,4.7,1.2,0.5','https://ak-static.cms.nba.com/wp-content/uploads/headshots/nba/1610612760/2017/260x190/202335.png'),('1628503','Jamel Artis','jamelartis','orlandomagic',0,'G','6-7',213,'JAN 12, 1993','4138',NULL,NULL,NULL,'https://ak-static.cms.nba.com/wp-content/uploads/headshots/nba/1610612753/2017/260x190/1628503.png'),('203932','Aaron Gordon','aarongordon','orlandomagic',0,'F','6-9',220,'SEP 16, 1995','435',NULL,NULL,'24.3,45.9,29.0,70.0,9.7,5.3,1.5,0.6','https://ak-static.cms.nba.com/wp-content/uploads/headshots/nba/1610612753/2017/260x190/203932.png'),('1628371','Jonathan Isaac','jonathanisaac','orlandomagic',1,'F','6-10',210,'OCT 03, 1997','452',NULL,NULL,'20.3,57.1,40.0,0.0,6.0,5.0,1.0,1.0','https://ak-static.cms.nba.com/wp-content/uploads/headshots/nba/1610612753/2017/260x190/1628371.png'),('203901','Elfrid Payton','elfridpayton','orlandomagic',2,'G','6-4',185,'FEB 22, 1994','4139',NULL,NULL,'29.7,44.6,29.1,60.9,10.8,4.2,6.5,0.3','https://ak-static.cms.nba.com/wp-content/uploads/headshots/nba/1610612753/2017/260x190/203901.png'),('201167','Arron Afflalo','arronafflalo','orlandomagic',4,'G','6-5',210,'OCT 15, 1985','464',NULL,NULL,'28.4,45.1,38.6,82.4,11.3,3.0,1.9,0.2','https://ak-static.cms.nba.com/wp-content/uploads/headshots/nba/1610612753/2017/260x190/201167.png'),('201578','Marreese Speights','marreesespeights','orlandomagic',5,'F-C','6-10',255,'AUG 04, 1987','434',NULL,NULL,'15.2,46.4,35.1,80.0,7.9,4.2,0.6,0.5','https://ak-static.cms.nba.com/wp-content/uploads/headshots/nba/1610612753/2017/260x190/201578.png'),('202714','Shelvin Mack','shelvinmack','orlandomagic',7,'G','6-3',203,'APR 22, 1990','430',NULL,NULL,'17.5,42.5,32.3,75.0,6.3,1.9,2.9,0.0','https://ak-static.cms.nba.com/wp-content/uploads/headshots/nba/1610612753/2017/260x190/202714.png'),('1626209','Mario Hezonja','mariohezonja','orlandomagic',8,'G-F','6-8',218,'FEB 25, 1995','4140',NULL,NULL,'16.5,40.0,33.4,85.6,5.5,2.3,1.2,0.2','https://ak-static.cms.nba.com/wp-content/uploads/headshots/nba/1610612753/2017/260x190/1626209.png'),('202696','Nikola Vucevic','nikolavucevic','orlandomagic',9,'C','7-0',260,'OCT 24, 1990','417',NULL,NULL,'29.9,50.4,32.2,72.0,14.7,9.9,2.0,0.9','https://ak-static.cms.nba.com/wp-content/uploads/headshots/nba/1610612753/2017/260x190/202696.png'),('203095','Evan Fournier','evanfournier','orlandomagic',10,'G-F','6-7',205,'OCT 29, 1992','4141',NULL,NULL,'26.4,44.5,38.1,79.3,12.3,2.6,2.2,0.1','https://ak-static.cms.nba.com/wp-content/uploads/headshots/nba/1610612753/2017/260x190/203095.png'),('202687','Bismack Biyombo','bismackbiyombo','orlandomagic',11,'C','6-9',255,'AUG 28, 1992','4142',NULL,NULL,'21.3,51.1,0.0,55.5,4.9,6.6,0.4,1.5','https://ak-static.cms.nba.com/wp-content/uploads/headshots/nba/1610612753/2017/260x190/202687.png'),('201571','D.J. Augustin','djaugustin','orlandomagic',14,'G','6-0',183,'NOV 10, 1987','422',NULL,NULL,'23.6,40.2,37.2,86.1,9.5,1.8,3.8,0.0','https://ak-static.cms.nba.com/wp-content/uploads/headshots/nba/1610612753/2017/260x190/201571.png'),('203613','Jonathon Simmons','jonathonsimmons','orlandomagic',17,'F','6-6',195,'SEP 14, 1989','4136',NULL,NULL,'16.7,45.4,33.5,75.9,6.3,1.9,1.4,0.2','https://ak-static.cms.nba.com/wp-content/uploads/headshots/nba/1610612753/2017/260x190/203613.png'),('203920','Khem Birch','khembirch','orlandomagic',24,'C','6-9',220,'SEP 28, 1992','493',NULL,NULL,'5.2,33.3,0.0,0.0,2.0,2.0,1.0,0.0','https://ak-static.cms.nba.com/wp-content/uploads/headshots/nba/1610612753/2017/260x190/203920.png'),('1628411','Wes Iwundu','wesiwundu','orlandomagic',25,'F','6-7',195,'DEC 20, 1994','4122',NULL,NULL,'5.4,0.0,0.0,50.0,1.0,2.0,0.0,0.0','https://ak-static.cms.nba.com/wp-content/uploads/headshots/nba/1610612753/2017/260x190/1628411.png'),('203082','Terrence Ross','terrenceross','orlandomagic',31,'G-F','6-7',206,'FEB 05, 1991','463',NULL,NULL,'23.8,42.2,37.3,80.3,9.6,2.6,0.9,0.3','https://ak-static.cms.nba.com/wp-content/uploads/headshots/nba/1610612753/2017/260x190/203082.png'),('203940','Adreian Payne','adreianpayne','orlandomagic',33,'F','6-10',237,'FEB 19, 1991','470',NULL,NULL,'13.3,39.9,23.2,67.0,4.0,3.0,0.6,0.3','https://ak-static.cms.nba.com/wp-content/uploads/headshots/nba/1610612753/2017/260x190/203940.png'),('201573','Jerryd Bayless','jerrydbayless','philadelphiaers',0,'G','6-3',200,'AUG 20, 1988','435',NULL,NULL,'21.3,41.5,36.8,82.6,8.6,2.1,2.9,0.1','https://ak-static.cms.nba.com/wp-content/uploads/headshots/nba/1610612755/2017/260x190/201573.png'),('1626643','Jacob Pullen','jacobpullen','philadelphiaers',0,'G','6-1',200,'NOV 10, 1989','4122',NULL,NULL,NULL,'https://ak-static.cms.nba.com/wp-content/uploads/headshots/nba/1610612755/2017/260x190/1626643.png'),('1626147','Justin Anderson','justinanderson','philadelphiaers',1,'G-F','6-6',230,'NOV 19, 1993','442',NULL,NULL,'14.4,41.7,28.9,78.7,5.7,2.9,0.7,0.4','https://ak-static.cms.nba.com/wp-content/uploads/headshots/nba/1610612755/2017/260x190/1626147.png'),('101161','Amir Johnson','amirjohnson','philadelphiaers',5,'F-C','6-9',240,'MAY 01, 1987','4143',NULL,NULL,'22.3,57.3,33.9,67.3,7.4,5.7,1.2,1.0','https://ak-static.cms.nba.com/wp-content/uploads/headshots/nba/1610612755/2017/260x190/101161.png'),('1627789','Timothe Luwawu-Cabarrot','timotheluwawucabarrot','philadelphiaers',7,'G-F','6-6',200,'MAY 09, 1995','418',NULL,NULL,'17.0,39.4,30.2,84.5,6.3,2.1,1.1,0.1','https://ak-static.cms.nba.com/wp-content/uploads/headshots/nba/1610612755/2017/260x190/1627789.png'),('1626143','Jahlil Okafor','jahlilokafor','philadelphiaers',8,'C','6-11',260,'DEC 15, 1995','420',NULL,NULL,'26.4,51.1,16.7,67.7,14.7,6.0,1.2,1.1','https://ak-static.cms.nba.com/wp-content/uploads/headshots/nba/1610612755/2017/260x190/1626143.png'),('203967','Dario Saric','dariosaric','philadelphiaers',9,'F','6-10',223,'APR 08, 1994','418',NULL,NULL,'26.1,40.9,30.8,77.8,12.6,6.3,2.2,0.4','https://ak-static.cms.nba.com/wp-content/uploads/headshots/nba/1610612755/2017/260x190/203967.png'),('203917','Nik Stauskas','nikstauskas','philadelphiaers',11,'G','6-6',205,'OCT 07, 1993','446',NULL,NULL,'22.6,38.6,34.3,80.7,7.5,2.2,1.7,0.3','https://ak-static.cms.nba.com/wp-content/uploads/headshots/nba/1610612755/2017/260x190/203917.png'),('204456','T.J. McConnell','tjmcconnell','philadelphiaers',12,'G','6-2',190,'MAR 25, 1992','435',NULL,NULL,'22.9,46.4,29.3,75.9,6.4,3.0,5.5,0.1','https://ak-static.cms.nba.com/wp-content/uploads/headshots/nba/1610612755/2017/260x190/204456.png'),('203949','James Michael McAdoo','jamesmichaelmcadoo','philadelphiaers',14,'F','6-9',230,'JAN 04, 1993','448',NULL,NULL,'7.9,53.5,30.0,52.6,3.0,1.7,0.3,0.4','https://ak-static.cms.nba.com/wp-content/uploads/headshots/nba/1610612755/2017/260x190/203949.png'),('200755','JJ Redick','jjredick','philadelphiaers',17,'G','6-4',200,'JUN 24, 1984','420',NULL,NULL,'24.9,44.7,41.5,88.8,11.9,1.9,1.9,0.1','https://ak-static.cms.nba.com/wp-content/uploads/headshots/nba/1610612755/2017/260x190/200755.png'),('1628365','Markelle Fultz','markellefultz','philadelphiaers',20,'G','6-4',200,'MAY 29, 1998','463',NULL,NULL,'18.9,33.3,0.0,50.0,6.0,2.3,1.8,0.3','https://ak-static.cms.nba.com/wp-content/uploads/headshots/nba/1610612755/2017/260x190/1628365.png'),('203954','Joel Embiid','joelembiid','philadelphiaers',21,'C','7-0',250,'MAR 16, 1994','429',NULL,NULL,'25.6,46.7,33.9,79.2,20.2,8.2,2.1,2.3','https://ak-static.cms.nba.com/wp-content/uploads/headshots/nba/1610612755/2017/260x190/203954.png'),('1626158','Richaun Holmes','richaunholmes','philadelphiaers',22,'F-C','6-10',235,'OCT 15, 1993','4144',NULL,NULL,'17.5,54.3,28.9,69.5,7.8,4.1,0.8,0.9','https://ak-static.cms.nba.com/wp-content/uploads/headshots/nba/1610612755/2017/260x190/1626158.png'),('1627732','Ben Simmons','bensimmons','philadelphiaers',25,'G-F','6-10',230,'JUL 20, 1996','453',NULL,NULL,'34.6,49.1,0.0,61.5,17.0,10.8,7.0,0.3','https://ak-static.cms.nba.com/wp-content/uploads/headshots/nba/1610612755/2017/260x190/1627732.png'),('1627788','Furkan Korkmaz','furkankorkmaz','philadelphiaers',30,'G-F','6-7',190,'JUL 24, 1997','418',NULL,NULL,NULL,'https://ak-static.cms.nba.com/wp-content/uploads/headshots/nba/1610612755/2017/260x190/1627788.png'),('203496','Robert Covington','robertcovington','philadelphiaers',33,'F','6-9',225,'DEC 14, 1990','4145',NULL,NULL,'28.4,39.5,35.7,81.2,12.7,5.5,1.4,0.7','https://ak-static.cms.nba.com/wp-content/uploads/headshots/nba/1610612755/2017/260x190/203496.png'),('1627737','Marquese Chriss','marquesechriss','phoenixsuns',0,'F','6-10',240,'JUL 02, 1997','463',NULL,NULL,'21.1,45.0,33.0,62.9,9.1,4.2,0.7,0.9','https://ak-static.cms.nba.com/wp-content/uploads/headshots/nba/1610612756/2017/260x190/1627737.png'),('1626164','Devin Booker','devinbooker','phoenixsuns',1,'G','6-6',210,'OCT 30, 1996','449',NULL,NULL,'31.4,42.3,35.2,83.4,18.0,2.9,3.1,0.3','https://ak-static.cms.nba.com/wp-content/uploads/headshots/nba/1610612756/2017/260x190/1626164.png'),('202339','Eric Bledsoe','ericbledsoe','phoenixsuns',2,'G','6-1',205,'DEC 09, 1989','449',NULL,NULL,'27.1,44.4,33.4,80.0,13.1,3.8,4.6,0.5','https://ak-static.cms.nba.com/wp-content/uploads/headshots/nba/1610612756/2017/260x190/202339.png'),('201162','Jared Dudley','jareddudley','phoenixsuns',3,'F','6-7',240,'JUL 10, 1985','489',NULL,NULL,'24.0,46.8,39.7,73.2,8.3,3.4,1.6,0.2','https://ak-static.cms.nba.com/wp-content/uploads/headshots/nba/1610612756/2017/260x190/201162.png'),('2199','Tyson Chandler','tysonchandler','phoenixsuns',4,'C','7-1',240,'OCT 02, 1982','4146',NULL,NULL,'28.4,59.4,0.0,64.7,8.7,9.4,0.8,1.2','https://ak-static.cms.nba.com/wp-content/uploads/headshots/nba/1610612756/2017/260x190/2199.png'),('1627755','Tyler Ulis','tylerulis','phoenixsuns',8,'G','5-10',160,'JAN 05, 1996','449',NULL,NULL,'18.2,41.8,25.3,77.2,7.2,1.5,3.6,0.1','https://ak-static.cms.nba.com/wp-content/uploads/headshots/nba/1610612756/2017/260x190/1627755.png'),('1627884','Derrick Jones Jr.','derrickjonesjr','phoenixsuns',10,'F-G','6-7',195,'FEB 15, 1997','493',NULL,NULL,'16.5,55.3,23.1,72.1,5.0,2.4,0.4,0.4','https://ak-static.cms.nba.com/wp-content/uploads/headshots/nba/1610612756/2017/260x190/1627884.png'),('202688','Brandon Knight','brandonknight','phoenixsuns',11,'G','6-3',195,'DEC 02, 1991','449',NULL,NULL,'31.3,41.5,35.7,81.2,15.2,3.3,4.3,0.2','https://ak-static.cms.nba.com/wp-content/uploads/headshots/nba/1610612756/2017/260x190/202688.png'),('203933','TJ Warren','tjwarren','phoenixsuns',12,'F','6-8',215,'SEP 05, 1993','481',NULL,NULL,'24.5,49.9,31.1,74.9,11.2,3.8,1.0,0.4','https://ak-static.cms.nba.com/wp-content/uploads/headshots/nba/1610612756/2017/260x190/203933.png'),('1626210','Alan Williams','alanwilliams','phoenixsuns',15,'F-C','6-8',265,'JAN 28, 1993','4147',NULL,NULL,'13.6,50.9,0.0,62.7,6.6,5.8,0.5,0.6','https://ak-static.cms.nba.com/wp-content/uploads/headshots/nba/1610612756/2017/260x190/1626210.png'),('1628367','Josh Jackson','joshjackson','phoenixsuns',20,'F','6-8',200,'FEB 10, 1997','429',NULL,NULL,'27.0,44.7,42.9,52.6,12.5,2.0,0.8,0.0','https://ak-static.cms.nba.com/wp-content/uploads/headshots/nba/1610612756/2017/260x190/1628367.png'),('203458','Alex Len','alexlen','phoenixsuns',21,'C','7-1',250,'JUN 16, 1993','4148',NULL,NULL,'19.8,46.5,22.7,72.0,6.9,6.2,0.7,1.1','https://ak-static.cms.nba.com/wp-content/uploads/headshots/nba/1610612756/2017/260x190/203458.png'),('1628409','Alec Peters','alecpeters','phoenixsuns',25,'F','6-9',235,'APR 13, 1995','4149',NULL,NULL,'7.2,25.0,25.0,0.0,1.5,1.5,0.0,1.0','https://ak-static.cms.nba.com/wp-content/uploads/headshots/nba/1610612756/2017/260x190/1628409.png'),('203584','Troy Daniels','troydaniels','phoenixsuns',30,'G','6-4',205,'JUL 15, 1991','456',NULL,NULL,'13.2,39.9,40.7,76.9,6.2,1.2,0.6,0.0','https://ak-static.cms.nba.com/wp-content/uploads/headshots/nba/1610612756/2017/260x190/203584.png'),('1628432','Davon Reed','davonreed','phoenixsuns',32,'G','6-6',210,'JUN 11, 1995','427',NULL,NULL,NULL,'https://ak-static.cms.nba.com/wp-content/uploads/headshots/nba/1610612756/2017/260x190/1628432.png'),('1627733','Dragan Bender','draganbender','phoenixsuns',35,'F','7-1',225,'NOV 17, 1997','418',NULL,NULL,'13.8,34.5,27.9,53.3,3.4,2.6,0.5,0.5','https://ak-static.cms.nba.com/wp-content/uploads/headshots/nba/1610612756/2017/260x190/1627733.png'),('1628455','Mike James','mikejames','phoenixsuns',55,'G','6-1',195,'AUG 18, 1990','418',NULL,NULL,'21.0,52.6,38.5,88.9,13.3,1.8,3.8,0.3','https://ak-static.cms.nba.com/wp-content/uploads/headshots/nba/1610612756/2017/260x190/1628455.png'),('203081','Damian Lillard','damianlillard','portlandtrailblazers',0,'G','6-3',195,'JUL 15, 1990','4127',NULL,NULL,'36.3,43.0,37.0,87.7,22.4,4.0,6.2,0.3','https://ak-static.cms.nba.com/wp-content/uploads/headshots/nba/1610612757/2017/260x190/203081.png'),('202323','Evan Turner','evanturner','portlandtrailblazers',1,'G-F','6-7',220,'OCT 27, 1988','437',NULL,NULL,'28.2,43.2,29.9,78.3,10.5,5.0,3.7,0.2','https://ak-static.cms.nba.com/wp-content/uploads/headshots/nba/1610612757/2017/260x190/202323.png'),('1627735','Wade Baldwin IV','wadebaldwiniv','portlandtrailblazers',2,'G','6-4',202,'MAR 29, 1996','495',NULL,NULL,'12.3,31.3,13.6,83.8,3.2,1.4,1.8,0.2','https://ak-static.cms.nba.com/wp-content/uploads/headshots/nba/1610612757/2017/260x190/1627735.png'),('203468','CJ McCollum','cjmccollum','portlandtrailblazers',3,'G','6-3',190,'SEP 19, 1991','4150',NULL,NULL,'27.1,46.0,41.5,84.4,16.0,2.7,2.7,0.3','https://ak-static.cms.nba.com/wp-content/uploads/headshots/nba/1610612757/2017/260x190/203468.png'),('203090','Maurice Harkless','mauriceharkless','portlandtrailblazers',4,'F','6-9',220,'MAY 11, 1993','4151',NULL,NULL,'23.3,47.1,31.6,59.7,7.4,3.7,0.9,0.6','https://ak-static.cms.nba.com/wp-content/uploads/headshots/nba/1610612757/2017/260x190/203090.png'),('1626192','Pat Connaughton','patconnaughton','portlandtrailblazers',5,'G-F','6-5',210,'JAN 06, 1993','460',NULL,NULL,'7.0,44.1,43.3,87.5,2.2,1.2,0.6,0.0','https://ak-static.cms.nba.com/wp-content/uploads/headshots/nba/1610612757/2017/260x190/1626192.png'),('203894','Shabazz Napier','shabazznapier','portlandtrailblazers',6,'G','6-1',175,'JUL 14, 1991','450',NULL,NULL,'13.3,37.7,35.6,76.3,4.3,1.4,1.8,0.0','https://ak-static.cms.nba.com/wp-content/uploads/headshots/nba/1610612757/2017/260x190/203894.png'),('202329','Al-Farouq Aminu','alfarouqaminu','portlandtrailblazers',8,'F','6-9',220,'SEP 21, 1990','421',NULL,NULL,'24.1,42.6,32.5,72.6,7.3,5.7,1.2,0.6','https://ak-static.cms.nba.com/wp-content/uploads/headshots/nba/1610612757/2017/260x190/202329.png'),('1627774','Jake Layman','jakelayman','portlandtrailblazers',10,'F','6-9',210,'MAR 07, 1994','4148',NULL,NULL,'7.1,29.0,26.4,76.5,2.2,0.6,0.4,0.1','https://ak-static.cms.nba.com/wp-content/uploads/headshots/nba/1610612757/2017/260x190/1627774.png'),('203086','Meyers Leonard','meyersleonard','portlandtrailblazers',11,'F-C','7-1',255,'FEB 27, 1992','4152',NULL,NULL,'16.6,46.2,37.0,81.9,5.7,3.9,0.8,0.3','https://ak-static.cms.nba.com/wp-content/uploads/headshots/nba/1610612757/2017/260x190/203086.png'),('202334','Ed Davis','eddavis','portlandtrailblazers',17,'F-C','6-10',245,'JUN 05, 1989','448',NULL,NULL,'20.8,56.3,0.0,57.0,6.8,6.4,0.8,0.9','https://ak-static.cms.nba.com/wp-content/uploads/headshots/nba/1610612757/2017/260x190/202334.png'),('203943','Noah Vonleh','noahvonleh','portlandtrailblazers',21,'F','6-9',245,'AUG 24, 1995','458',NULL,NULL,'15.2,44.4,29.1,67.8,3.9,4.4,0.4,0.4','https://ak-static.cms.nba.com/wp-content/uploads/headshots/nba/1610612757/2017/260x190/203943.png'),('203912','CJ Wilcox','cjwilcox','portlandtrailblazers',23,'G','6-5',195,'DEC 30, 1990','463',NULL,NULL,'5.7,37.0,33.3,81.3,2.0,0.5,0.5,0.1','https://ak-static.cms.nba.com/wp-content/uploads/headshots/nba/1610612757/2017/260x190/203912.png'),('203994','Jusuf Nurkic','jusufnurkic','portlandtrailblazers',27,'C','7-0',280,'AUG 23, 1994','418',NULL,NULL,'19.3,46.5,0.0,60.6,8.6,6.5,1.4,1.2','https://ak-static.cms.nba.com/wp-content/uploads/headshots/nba/1610612757/2017/260x190/203994.png'),('1628380','Zach Collins','zachcollins','portlandtrailblazers',33,'C-F','7-0',230,'NOV 19, 1997','4103',NULL,NULL,'7.0,0.0,0.0,0.0,0.0,2.0,0.0,0.0','https://ak-static.cms.nba.com/wp-content/uploads/headshots/nba/1610612757/2017/260x190/1628380.png'),('1628403','Caleb Swanigan','calebswanigan','portlandtrailblazers',50,'F','6-8',250,'APR 18, 1997','4118',NULL,NULL,'13.2,27.3,100.0,100.0,5.0,2.0,1.5,0.0','https://ak-static.cms.nba.com/wp-content/uploads/headshots/nba/1610612757/2017/260x190/1628403.png'),('1626161','Willie Cauley-Stein','williecauleystein','sacramentokings',0,'C','7-0',240,'AUG 18, 1993','449',NULL,NULL,'20.3,54.5,0.0,65.3,7.7,5.0,0.9,0.8','https://ak-static.cms.nba.com/wp-content/uploads/headshots/nba/1610612758/2017/260x190/1626161.png'),('201588','George Hill','georgehill','sacramentokings',3,'G','6-3',188,'MAY 04, 1986','4153',NULL,NULL,'29.0,45.3,38.0,80.1,11.7,3.2,3.3,0.3','https://ak-static.cms.nba.com/wp-content/uploads/headshots/nba/1610612758/2017/260x190/201588.png'),('1628368','De\'Aaron Fox','deaaronfox','sacramentokings',5,'G','6-3',175,'DEC 20, 1997','449',NULL,NULL,'27.3,45.6,40.0,85.7,15.0,5.0,5.0,0.0','https://ak-static.cms.nba.com/wp-content/uploads/headshots/nba/1610612758/2017/260x190/1628368.png'),('1627746','Skal Labissiere','skallabissiere','sacramentokings',7,'F-C','6-11',225,'MAR 18, 1996','449',NULL,NULL,'19.2,53.5,36.4,72.8,9.2,5.0,0.9,0.4','https://ak-static.cms.nba.com/wp-content/uploads/headshots/nba/1610612758/2017/260x190/1627746.png'),('203992','Bogdan Bogdanovic','bogdanbogdanovic','sacramentokings',8,'G','6-6',205,'AUG 18, 1992','418',NULL,NULL,'25.5,33.3,25.0,100.0,12.0,3.0,2.0,0.0','https://ak-static.cms.nba.com/wp-content/uploads/headshots/nba/1610612758/2017/260x190/203992.png'),('1628412','Frank Mason','frankmason','sacramentokings',10,'G','5-11',190,'APR 03, 1994','429',NULL,NULL,'17.1,22.2,50.0,66.7,7.0,2.0,1.0,0.0','https://ak-static.cms.nba.com/wp-content/uploads/headshots/nba/1610612758/2017/260x190/1628412.png'),('1627834','Georgios Papagiannis','georgiospapagiannis','sacramentokings',13,'C','7-1',240,'JUL 03, 1997','418',NULL,NULL,'16.1,54.9,0.0,85.7,5.6,3.9,0.9,0.8','https://ak-static.cms.nba.com/wp-content/uploads/headshots/nba/1610612758/2017/260x190/1627834.png'),('1713','Vince Carter','vincecarter','sacramentokings',15,'G-F','6-6',220,'JAN 26, 1977','448',NULL,NULL,'32.0,43.8,37.4,79.9,18.2,4.5,3.3,0.6','https://ak-static.cms.nba.com/wp-content/uploads/headshots/nba/1610612758/2017/260x190/1713.png'),('202066','Garrett Temple','garretttemple','sacramentokings',17,'G','6-6',195,'MAY 08, 1986','453',NULL,NULL,'18.2,40.2,35.0,71.5,5.1,2.0,1.6,0.3','https://ak-static.cms.nba.com/wp-content/uploads/headshots/nba/1610612758/2017/260x190/202066.png'),('1628385','Harry Giles','harrygiles','sacramentokings',20,'F-C','6-10',240,'APR 22, 1998','420',NULL,NULL,NULL,'https://ak-static.cms.nba.com/wp-content/uploads/headshots/nba/1610612758/2017/260x190/1628385.png'),('1627781','Malachi Richardson','malachirichardson','sacramentokings',23,'G','6-6',205,'JAN 05, 1996','454',NULL,NULL,'9.1,40.0,32.3,81.0,3.6,1.0,0.5,0.0','https://ak-static.cms.nba.com/wp-content/uploads/headshots/nba/1610612758/2017/260x190/1627781.png'),('1627741','Buddy Hield','buddyhield','sacramentokings',24,'G','6-4',214,'DEC 17, 1993','4111',NULL,NULL,'23.1,42.2,38.3,84.3,10.6,3.3,1.5,0.1','https://ak-static.cms.nba.com/wp-content/uploads/headshots/nba/1610612758/2017/260x190/1627741.png'),('1628382','Justin Jackson','justinjackson','sacramentokings',25,'F','6-8',210,'MAR 28, 1995','448',NULL,NULL,'18.4,45.0,33.3,100.0,5.5,2.0,0.0,0.0','https://ak-static.cms.nba.com/wp-content/uploads/headshots/nba/1610612758/2017/260x190/1628382.png'),('203960','JaKarr Sampson','jakarrsampson','sacramentokings',29,'F','6-9',207,'MAR 20, 1993','4151',NULL,NULL,'15.5,43.2,23.7,66.2,5.1,2.4,0.8,0.4','https://ak-static.cms.nba.com/wp-content/uploads/headshots/nba/1610612758/2017/260x190/203960.png'),('201585','Kosta Koufos','kostakoufos','sacramentokings',41,'C','7-0',265,'FEB 24, 1989','437',NULL,NULL,'16.4,53.1,0.0,60.2,5.7,4.9,0.4,0.8','https://ak-static.cms.nba.com/wp-content/uploads/headshots/nba/1610612758/2017/260x190/201585.png'),('204022','Jack Cooley','jackcooley','sacramentokings',45,'C','6-10',274,'APR 12, 1991','460',NULL,NULL,'5.4,40.9,0.0,42.9,1.7,1.6,0.1,0.2','https://ak-static.cms.nba.com/wp-content/uploads/headshots/nba/1610612758/2017/260x190/204022.png'),('2216','Zach Randolph','zachrandolph','sacramentokings',50,'F','6-9',250,'JUL 16, 1981','470',NULL,NULL,'31.3,47.1,25.6,76.3,16.7,9.3,1.8,0.3','https://ak-static.cms.nba.com/wp-content/uploads/headshots/nba/1610612758/2017/260x190/2216.png'),('203937','Kyle Anderson','kyleanderson','sanantoniospurs',1,'G-F','6-9',230,'SEP 20, 1993','464',NULL,NULL,'14.6,44.2,34.4,74.4,3.7,2.9,1.3,0.3','https://ak-static.cms.nba.com/wp-content/uploads/headshots/nba/1610612759/2017/260x190/203937.png'),('202695','Kawhi Leonard','kawhileonard','sanantoniospurs',2,'F','6-7',230,'JUN 29, 1991','4154',NULL,NULL,'30.6,49.5,38.8,84.7,16.4,6.2,2.3,0.7','https://ak-static.cms.nba.com/wp-content/uploads/headshots/nba/1610612759/2017/260x190/202695.png'),('203464','Brandon Paul','brandonpaul','sanantoniospurs',3,'G','6-4',200,'APR 30, 1991','418',NULL,NULL,'2.6,0.0,0.0,0.0,0.0,0.0,0.7,0.0','https://ak-static.cms.nba.com/wp-content/uploads/headshots/nba/1610612759/2017/260x190/203464.png'),('1628401','Derrick White','derrickwhite','sanantoniospurs',4,'G','6-4',190,'JUL 02, 1994','440',NULL,NULL,'None,0.0,0.0,0.0,0.0,0.0,0.0,0.0','https://ak-static.cms.nba.com/wp-content/uploads/headshots/nba/1610612759/2017/260x190/1628401.png'),('1627749','Dejounte Murray','dejountemurray','sanantoniospurs',5,'G','6-5',170,'SEP 19, 1996','463',NULL,NULL,'9.8,45.9,36.0,71.1,4.1,1.7,1.5,0.2','https://ak-static.cms.nba.com/wp-content/uploads/headshots/nba/1610612759/2017/260x190/1627749.png'),('201988','Patty Mills','pattymills','sanantoniospurs',8,'G','6-0',185,'AUG 11, 1988','4124',NULL,NULL,'17.0,43.6,39.5,83.3,7.8,1.5,2.2,0.1','https://ak-static.cms.nba.com/wp-content/uploads/headshots/nba/1610612759/2017/260x190/201988.png'),('2225','Tony Parker','tonyparker','sanantoniospurs',9,'G','6-2',185,'MAY 17, 1982','4155',NULL,NULL,'31.7,49.3,32.7,75.3,16.2,2.8,5.8,0.1','https://ak-static.cms.nba.com/wp-content/uploads/headshots/nba/1610612759/2017/260x190/2225.png'),('1627856','Matt Costello','mattcostello','sanantoniospurs',10,'F-C','6-10',240,'AUG 05, 1993','470',NULL,NULL,NULL,'https://ak-static.cms.nba.com/wp-content/uploads/headshots/nba/1610612759/2017/260x190/1627856.png'),('1627854','Bryn Forbes','brynforbes','sanantoniospurs',11,'G','6-3',190,'JUL 23, 1993','470',NULL,NULL,'7.8,36.4,31.5,83.3,2.6,0.6,0.6,0.0','https://ak-static.cms.nba.com/wp-content/uploads/headshots/nba/1610612759/2017/260x190/1627854.png'),('200746','LaMarcus Aldridge','lamarcusaldridge','sanantoniospurs',12,'F','6-11',260,'JUL 19, 1985','422',NULL,NULL,'34.7,48.6,28.5,80.3,19.1,8.3,1.9,1.0','https://ak-static.cms.nba.com/wp-content/uploads/headshots/nba/1610612759/2017/260x190/200746.png'),('201980','Danny Green','dannygreen','sanantoniospurs',14,'G-F','6-6',215,'JUN 22, 1987','448',NULL,NULL,'25.1,42.3,40.0,82.0,8.9,3.4,1.6,0.8','https://ak-static.cms.nba.com/wp-content/uploads/headshots/nba/1610612759/2017/260x190/201980.png'),('2200','Pau Gasol','paugasol','sanantoniospurs',16,'F-C','7-0',250,'JUL 06, 1980','4117',NULL,NULL,'34.7,50.9,36.6,75.4,17.8,9.4,3.3,1.7','https://ak-static.cms.nba.com/wp-content/uploads/headshots/nba/1610612759/2017/260x190/2200.png'),('1938','Manu Ginobili','manuginobili','sanantoniospurs',20,'G','6-6',205,'JUL 28, 1977','4156',NULL,NULL,'25.8,44.7,37.0,82.6,13.6,3.6,3.9,0.3','https://ak-static.cms.nba.com/wp-content/uploads/headshots/nba/1610612759/2017/260x190/1938.png'),('200752','Rudy Gay','rudygay','sanantoniospurs',22,'F','6-8',230,'AUG 17, 1986','450',NULL,NULL,'35.6,45.2,34.5,79.5,18.4,5.9,2.3,0.8','https://ak-static.cms.nba.com/wp-content/uploads/headshots/nba/1610612759/2017/260x190/200752.png'),('1626199','Darrun Hilliard','darrunhilliard','sanantoniospurs',24,'G','6-6',220,'APR 13, 1993','466',NULL,NULL,'9.9,38.5,32.3,73.5,3.6,1.0,0.8,0.0','https://ak-static.cms.nba.com/wp-content/uploads/headshots/nba/1610612759/2017/260x190/1626199.png'),('202722','Davis Bertans','davisbertans','sanantoniospurs',42,'F','6-10',210,'NOV 12, 1992','418',NULL,NULL,'11.9,43.8,39.7,82.4,4.5,1.5,0.7,0.4','https://ak-static.cms.nba.com/wp-content/uploads/headshots/nba/1610612759/2017/260x190/202722.png'),('203530','Joffrey Lauvergne','joffreylauvergne','sanantoniospurs',77,'F','6-11',260,'SEP 30, 1991','418',NULL,NULL,'15.0,46.9,29.2,74.0,6.1,4.1,0.9,0.2','https://ak-static.cms.nba.com/wp-content/uploads/headshots/nba/1610612759/2017/260x190/203530.png'),('101139','CJ Miles','cjmiles','torontoraptors',0,'F-G','6-6',225,'MAR 18, 1987','4157',NULL,NULL,'20.9,41.8,36.1,80.7,9.8,2.5,1.1,0.3','https://ak-static.cms.nba.com/wp-content/uploads/headshots/nba/1610612761/2017/260x190/101139.png'),('1628384','OG Anunoby','oganunoby','torontoraptors',3,'F','6-8',235,'JUL 17, 1997','458',NULL,NULL,'15.7,42.9,28.6,100.0,5.3,2.3,1.7,0.0','https://ak-static.cms.nba.com/wp-content/uploads/headshots/nba/1610612761/2017/260x190/1628384.png'),('203485','Lorenzo Brown','lorenzobrown','torontoraptors',4,'G','6-5',189,'AUG 26, 1990','481',NULL,NULL,'13.2,36.9,15.2,66.7,3.3,1.7,2.3,0.2','https://ak-static.cms.nba.com/wp-content/uploads/headshots/nba/1610612761/2017/260x190/203485.png'),('203998','Bruno Caboclo','brunocaboclo','torontoraptors',5,'F','6-9',205,'SEP 21, 1995','418',NULL,NULL,'4.7,26.2,27.8,0.0,1.1,0.6,0.3,0.1','https://ak-static.cms.nba.com/wp-content/uploads/headshots/nba/1610612761/2017/260x190/203998.png'),('200768','Kyle Lowry','kylelowry','torontoraptors',7,'G','6-0',205,'MAR 25, 1986','466',NULL,NULL,'30.9,42.4,36.4,79.9,14.2,4.1,5.8,0.3','https://ak-static.cms.nba.com/wp-content/uploads/headshots/nba/1610612761/2017/260x190/200768.png'),('201586','Serge Ibaka','sergeibaka','torontoraptors',9,'F','6-10',235,'SEP 18, 1989','4158',NULL,NULL,'29.0,51.6,37.1,75.7,12.0,7.3,0.6,2.4','https://ak-static.cms.nba.com/wp-content/uploads/headshots/nba/1610612761/2017/260x190/201586.png'),('201942','DeMar DeRozan','demarderozan','torontoraptors',10,'G','6-7',220,'AUG 07, 1989','417',NULL,NULL,'34.1,44.7,28.1,82.8,19.3,4.1,2.8,0.3','https://ak-static.cms.nba.com/wp-content/uploads/headshots/nba/1610612761/2017/260x190/201942.png'),('1626259','Malcolm Miller','malcolmmiller','torontoraptors',13,'F','6-7',210,'MAR 06, 1993','418',NULL,NULL,NULL,'https://ak-static.cms.nba.com/wp-content/uploads/headshots/nba/1610612761/2017/260x190/1626259.png'),('202685','Jonas Valanciunas','jonasvalanciunas','torontoraptors',17,'C','7-0',255,'MAY 06, 1992','4159',NULL,NULL,'26.1,55.6,20.0,78.1,11.5,8.5,0.7,1.1','https://ak-static.cms.nba.com/wp-content/uploads/headshots/nba/1610612761/2017/260x190/202685.png'),('1627832','Fred VanVleet','fredvanvleet','torontoraptors',23,'G','6-0',195,'FEB 25, 1994','4137',NULL,NULL,'8.4,33.9,35.1,83.3,3.0,1.1,1.0,0.1','https://ak-static.cms.nba.com/wp-content/uploads/headshots/nba/1610612761/2017/260x190/1627832.png'),('1626181','Norman Powell','normanpowell','torontoraptors',24,'G','6-4',215,'MAY 25, 1993','464',NULL,NULL,'16.9,43.8,34.9,80.3,7.3,2.3,1.1,0.2','https://ak-static.cms.nba.com/wp-content/uploads/headshots/nba/1610612761/2017/260x190/1626181.png'),('1628035','Alfonzo McKinnie','alfonzomckinnie','torontoraptors',34,'F','6-8',215,'SEP 17, 1992','4160',NULL,NULL,'1.2,0.0,0.0,0.0,0.0,0.0,0.0,0.0','https://ak-static.cms.nba.com/wp-content/uploads/headshots/nba/1610612761/2017/260x190/1628035.png'),('1627751','Jakob Poeltl','jakobpoeltl','torontoraptors',42,'C-F','7-0',230,'OCT 15, 1995','4113',NULL,NULL,'12.0,60.5,0.0,54.7,3.4,3.3,0.2,0.5','https://ak-static.cms.nba.com/wp-content/uploads/headshots/nba/1610612761/2017/260x190/1627751.png'),('1627783','Pascal Siakam','pascalsiakam','torontoraptors',43,'F','6-9',230,'APR 02, 1994','4161',NULL,NULL,'15.3,49.5,11.1,70.6,4.1,3.4,0.3,0.8','https://ak-static.cms.nba.com/wp-content/uploads/headshots/nba/1610612761/2017/260x190/1627783.png'),('1626153','Delon Wright','delonwright','torontoraptors',55,'G','6-5',190,'APR 26, 1992','4113',NULL,NULL,'13.3,43.3,30.2,78.8,5.0,1.7,1.7,0.3','https://ak-static.cms.nba.com/wp-content/uploads/headshots/nba/1610612761/2017/260x190/1626153.png'),('203512','Lucas Nogueira','lucasnogueira','torontoraptors',92,'C','7-0',220,'JUL 26, 1992','418',NULL,NULL,'14.6,63.5,23.5,63.6,3.6,3.4,0.5,1.1','https://ak-static.cms.nba.com/wp-content/uploads/headshots/nba/1610612761/2017/260x190/203512.png'),('204060','Joe Ingles','joeingles','utahjazz',2,'F','6-8',226,'OCT 02, 1987','418',NULL,NULL,'20.3,43.8,40.6,73.8,5.6,2.4,2.1,0.1','https://ak-static.cms.nba.com/wp-content/uploads/headshots/nba/1610612762/2017/260x190/204060.png'),('201937','Ricky Rubio','rickyrubio','utahjazz',3,'G','6-4',190,'OCT 21, 1990','4162',NULL,NULL,'31.8,37.5,31.3,83.1,10.4,4.3,8.5,0.1','https://ak-static.cms.nba.com/wp-content/uploads/headshots/nba/1610612762/2017/260x190/201937.png'),('203918','Rodney Hood','rodneyhood','utahjazz',5,'G','6-8',206,'OCT 20, 1992','420',NULL,NULL,'27.6,41.6,36.5,81.9,12.4,3.1,2.1,0.2','https://ak-static.cms.nba.com/wp-content/uploads/headshots/nba/1610612762/2017/260x190/203918.png'),('2207','Joe Johnson','joejohnson','utahjazz',6,'G-F','6-7',240,'JUN 29, 1981','462',NULL,NULL,'35.2,44.2,37.3,80.2,16.4,4.0,4.0,0.2','https://ak-static.cms.nba.com/wp-content/uploads/headshots/nba/1610612762/2017/260x190/2207.png'),('201973','Jonas Jerebko','jonasjerebko','utahjazz',8,'F','6-10',231,'MAR 02, 1987','4163',NULL,NULL,'18.4,45.6,35.2,76.3,6.2,4.1,0.8,0.3','https://ak-static.cms.nba.com/wp-content/uploads/headshots/nba/1610612762/2017/260x190/201973.png'),('202692','Alec Burks','alecburks','utahjazz',10,'G','6-6',214,'JUL 20, 1991','440',NULL,NULL,'21.9,42.9,36.3,75.2,10.1,2.9,1.8,0.2','https://ak-static.cms.nba.com/wp-content/uploads/headshots/nba/1610612762/2017/260x190/202692.png'),('203957','Dante Exum','danteexum','utahjazz',11,'G','6-6',190,'JUL 13, 1995','418',NULL,NULL,'20.6,38.5,30.8,74.3,5.4,1.8,2.1,0.2','https://ak-static.cms.nba.com/wp-content/uploads/headshots/nba/1610612762/2017/260x190/203957.png'),('1628396','Tony Bradley','tonybradley','utahjazz',13,'C','6-10',248,'JAN 08, 1998','448',NULL,NULL,NULL,'https://ak-static.cms.nba.com/wp-content/uploads/headshots/nba/1610612762/2017/260x190/1628396.png'),('202324','Derrick Favors','derrickfavors','utahjazz',15,'F-C','6-10',265,'JUL 15, 1991','472',NULL,NULL,'25.8,51.0,13.8,66.5,11.5,7.1,1.1,1.3','https://ak-static.cms.nba.com/wp-content/uploads/headshots/nba/1610612762/2017/260x190/202324.png'),('203489','Nate Wolters','natewolters','utahjazz',16,'G','6-4',190,'MAY 15, 1991','4164',NULL,NULL,'19.7,42.6,26.1,63.5,5.8,2.3,2.6,0.2','https://ak-static.cms.nba.com/wp-content/uploads/headshots/nba/1610612762/2017/260x190/203489.png'),('203547','Eric Griffin','ericgriffin','utahjazz',17,'C-F','6-8',205,'MAY 26, 1990','4165',NULL,NULL,NULL,'https://ak-static.cms.nba.com/wp-content/uploads/headshots/nba/1610612762/2017/260x190/203547.png'),('200757','Thabo Sefolosha','thabosefolosha','utahjazz',22,'F','6-7',220,'MAY 02, 1984','4166',NULL,NULL,'23.3,44.7,34.4,73.3,5.9,3.9,1.5,0.5','https://ak-static.cms.nba.com/wp-content/uploads/headshots/nba/1610612762/2017/260x190/200757.png'),('1626220','Royce O\'Neale','royceoneale','utahjazz',23,'F','6-6',226,'JUN 05, 1993','416',NULL,NULL,'None,0.0,0.0,0.0,0.0,1.0,0.0,0.0','https://ak-static.cms.nba.com/wp-content/uploads/headshots/nba/1610612762/2017/260x190/1626220.png'),('203526','Raul Neto','raulneto','utahjazz',25,'G','6-1',179,'MAY 19, 1992','418',NULL,NULL,'15.2,43.6,38.3,75.9,4.8,1.2,1.7,0.1','https://ak-static.cms.nba.com/wp-content/uploads/headshots/nba/1610612762/2017/260x190/203526.png'),('203497','Rudy Gobert','rudygobert','utahjazz',27,'C','7-1',245,'JUN 26, 1992','4141',NULL,NULL,'27.1,61.3,0.0,61.6,9.3,9.8,1.1,2.1','https://ak-static.cms.nba.com/wp-content/uploads/headshots/nba/1610612762/2017/260x190/203497.png'),('202327','Ekpe Udoh','ekpeudoh','utahjazz',33,'F','6-10',245,'MAY 20, 1987','416',NULL,NULL,'16.9,42.9,0.0,71.8,4.0,3.2,0.7,1.2','https://ak-static.cms.nba.com/wp-content/uploads/headshots/nba/1610612762/2017/260x190/202327.png'),('1628378','Donovan Mitchell','donovanmitchell','utahjazz',45,'G','6-3',215,'SEP 07, 1996','428',NULL,NULL,'22.7,20.0,0.0,80.0,4.7,1.0,4.0,1.0','https://ak-static.cms.nba.com/wp-content/uploads/headshots/nba/1610612762/2017/260x190/1628378.png'),('1626191','Chris McCullough','chrismccullough','washingtonwizards',1,'F','6-9',215,'FEB 05, 1995','454',NULL,NULL,'11.1,42.6,34.1,50.0,3.7,2.2,0.3,0.4','https://ak-static.cms.nba.com/wp-content/uploads/headshots/nba/1610612764/2017/260x190/1626191.png'),('202322','John Wall','johnwall','washingtonwizards',2,'G','6-4',210,'SEP 06, 1990','449',NULL,NULL,'36.1,43.3,32.0,79.2,18.9,4.4,9.2,0.7','https://ak-static.cms.nba.com/wp-content/uploads/headshots/nba/1610612764/2017/260x190/202322.png'),('203078','Bradley Beal','bradleybeal','washingtonwizards',3,'G','6-5',207,'JUN 28, 1993','434',NULL,NULL,'33.3,44.1,39.8,79.6,17.7,3.6,3.1,0.3','https://ak-static.cms.nba.com/wp-content/uploads/headshots/nba/1610612764/2017/260x190/203078.png'),('1628454','Mike Young','mikeyoung','washingtonwizards',4,'F','6-9',235,'SEP 05, 1994','4138',NULL,NULL,NULL,'https://ak-static.cms.nba.com/wp-content/uploads/headshots/nba/1610612764/2017/260x190/1628454.png'),('202693','Markieff Morris','markieffmorris','washingtonwizards',5,'F','6-10',245,'SEP 02, 1989','429',NULL,NULL,'26.3,44.7,33.1,77.4,11.9,5.6,1.7,0.6','https://ak-static.cms.nba.com/wp-content/uploads/headshots/nba/1610612764/2017/260x190/202693.png'),('1628421','Devin Robinson','devinrobinson','washingtonwizards',7,'F','6-8',200,'MAR 07, 1995','418',NULL,NULL,NULL,'https://ak-static.cms.nba.com/wp-content/uploads/headshots/nba/1610612764/2017/260x190/1628421.png'),('204025','Tim Frazier','timfrazier','washingtonwizards',8,'G','6-1',170,'NOV 01, 1990','418',NULL,NULL,'19.6,40.3,31.5,72.2,6.1,2.4,4.4,0.1','https://ak-static.cms.nba.com/wp-content/uploads/headshots/nba/1610612764/2017/260x190/204025.png'),('1627815','Sheldon Mac','sheldonmac','washingtonwizards',9,'G-F','6-6',200,'DEC 21, 1992','4167',NULL,NULL,'9.6,40.0,23.3,85.2,3.0,1.1,0.5,0.1','https://ak-static.cms.nba.com/wp-content/uploads/headshots/nba/1610612764/2017/260x190/1627815.png'),('1626162','Kelly Oubre Jr.','kellyoubrejr','washingtonwizards',12,'F','6-7',205,'DEC 09, 1995','429',NULL,NULL,'16.4,42.3,30.0,71.6,5.3,2.8,0.4,0.2','https://ak-static.cms.nba.com/wp-content/uploads/headshots/nba/1610612764/2017/260x190/1626162.png'),('101162','Marcin Gortat','marcingortat','washingtonwizards',13,'C','6-11',240,'FEB 17, 1984','4168',NULL,NULL,'26.4,55.6,15.0,67.8,10.4,8.2,1.0,1.2','https://ak-static.cms.nba.com/wp-content/uploads/headshots/nba/1610612764/2017/260x190/101162.png'),('201160','Jason Smith','jasonsmith','washingtonwizards',14,'F-C','7-0',240,'MAR 02, 1986','483',NULL,NULL,'17.0,47.3,36.4,77.7,6.4,3.5,0.8,0.7','https://ak-static.cms.nba.com/wp-content/uploads/headshots/nba/1610612764/2017/260x190/201160.png'),('201975','Jodie Meeks','jodiemeeks','washingtonwizards',20,'G','6-4',210,'AUG 21, 1987','449',NULL,NULL,'23.9,42.0,37.6,88.3,9.8,2.2,1.1,0.1','https://ak-static.cms.nba.com/wp-content/uploads/headshots/nba/1610612764/2017/260x190/201975.png'),('203467','Carrick Felix','carrickfelix','washingtonwizards',21,'G-F','6-6',203,'AUG 17, 1990','4101',NULL,NULL,'5.4,50.0,40.0,75.0,2.7,0.9,0.6,0.0','https://ak-static.cms.nba.com/wp-content/uploads/headshots/nba/1610612764/2017/260x190/203467.png'),('203490','Otto Porter Jr.','ottoporterjr','washingtonwizards',22,'F','6-8',198,'JUN 03, 1993','479',NULL,NULL,'25.0,48.1,38.9,77.8,9.4,4.5,1.2,0.4','https://ak-static.cms.nba.com/wp-content/uploads/headshots/nba/1610612764/2017/260x190/203490.png'),('101133','Ian Mahinmi','ianmahinmi','washingtonwizards',28,'C','6-11',262,'NOV 05, 1986','4169',NULL,NULL,'16.8,53.9,0.0,59.5,5.2,4.4,0.5,0.7','https://ak-static.cms.nba.com/wp-content/uploads/headshots/nba/1610612764/2017/260x190/101133.png'),('203118','Mike Scott','mikescott','washingtonwizards',30,'F','6-8',237,'JUL 16, 1988','442',NULL,NULL,'15.4,46.0,33.4,78.7,7.1,3.0,0.9,0.1','https://ak-static.cms.nba.com/wp-content/uploads/headshots/nba/1610612764/2017/260x190/203118.png'),('203107','Tomas Satoransky','tomassatoransky','washingtonwizards',31,'G-F','6-7',210,'OCT 30, 1991','418',NULL,NULL,'12.5,42.3,26.3,69.7,2.7,1.4,1.6,0.1','https://ak-static.cms.nba.com/wp-content/uploads/headshots/nba/1610612764/2017/260x190/203107.png');
/*!40000 ALTER TABLE `players` ENABLE KEYS */;
UNLOCK TABLES;

--
-- Table structure for table `prenba`
--

DROP TABLE IF EXISTS `prenba`;
/*!40101 SET @saved_cs_client     = @@character_set_client */;
/*!40101 SET character_set_client = utf8 */;
CREATE TABLE `prenba` (
  `PreNBAID` varchar(5) DEFAULT NULL,
  `Name` varchar(60) DEFAULT NULL,
  `PreNBAAPIID` varchar(50) DEFAULT NULL,
  `Location` varchar(100) DEFAULT NULL,
  `Mascot` varchar(50) DEFAULT NULL,
  `MascotURL` varchar(500) DEFAULT NULL,
  `Players` varchar(2000) DEFAULT NULL,
  `Teams` varchar(2000) DEFAULT NULL,
  `ImageURL` varchar(500) DEFAULT NULL
) ENGINE=InnoDB DEFAULT CHARSET=latin1;
/*!40101 SET character_set_client = @saved_cs_client */;

--
-- Dumping data for table `prenba`
--

LOCK TABLES `prenba` WRITE;
/*!40000 ALTER TABLE `prenba` DISABLE KEYS */;
INSERT INTO `prenba` VALUES ('410','Oregon','oregon',NULL,NULL,NULL,NULL,NULL,NULL),('411','Bologna, Italy','bolognaitaly',NULL,NULL,NULL,NULL,NULL,NULL),('412','Virginia Tech','virginiatech',NULL,NULL,NULL,NULL,NULL,NULL),('413','Eskisehir, Turkey','eskisehirturkey',NULL,NULL,NULL,NULL,NULL,NULL),('414','Nevada','nevada',NULL,NULL,NULL,NULL,NULL,NULL),('415','Alabama-Huntsville','alabamahuntsville',NULL,NULL,NULL,NULL,NULL,NULL),('416','Baylor','baylor',NULL,NULL,NULL,NULL,NULL,NULL),('417','Southern California','southerncalifornia',NULL,NULL,NULL,NULL,NULL,NULL),('418','No PreNBA Found','noprenbafound',NULL,NULL,NULL,NULL,NULL,NULL),('419','Germany','germany',NULL,NULL,NULL,NULL,NULL,NULL),('420','Duke','duke',NULL,NULL,NULL,NULL,NULL,NULL),('421','Wake Forest','wakeforest',NULL,NULL,NULL,NULL,NULL,NULL),('422','Texas','texas',NULL,NULL,NULL,NULL,NULL,NULL),('423','Old Dominion','olddominion',NULL,NULL,NULL,NULL,NULL,NULL),('424','Bucknell','bucknell',NULL,NULL,NULL,NULL,NULL,NULL),('425','Saint Joseph\'s','saintjosephs',NULL,NULL,NULL,NULL,NULL,NULL),('426','California','california',NULL,NULL,NULL,NULL,NULL,NULL),('427','Miami (FL)','miamifl',NULL,NULL,NULL,NULL,NULL,NULL),('428','Louisville','louisville',NULL,NULL,NULL,NULL,NULL,NULL),('429','Kansas','kansas',NULL,NULL,NULL,NULL,NULL,NULL),('430','Butler','butler',NULL,NULL,NULL,NULL,NULL,NULL),('431','Iowa State','iowastate',NULL,NULL,NULL,NULL,NULL,NULL),('432','Oklahoma State','oklahomastate',NULL,NULL,NULL,NULL,NULL,NULL),('433','Southern Methodist','southernmethodist',NULL,NULL,NULL,NULL,NULL,NULL),('434','Florida','florida',NULL,NULL,NULL,NULL,NULL,NULL),('435','Arizona','arizona',NULL,NULL,NULL,NULL,NULL,NULL),('436','Washington State','washingtonstate',NULL,NULL,NULL,NULL,NULL,NULL),('437','Ohio State','ohiostate',NULL,NULL,NULL,NULL,NULL,NULL),('438','Cincinnati','cincinnati',NULL,NULL,NULL,NULL,NULL,NULL),('439','Harvard','harvard',NULL,NULL,NULL,NULL,NULL,NULL),('440','Colorado','colorado',NULL,NULL,NULL,NULL,NULL,NULL),('441','Missouri','missouri',NULL,NULL,NULL,NULL,NULL,NULL),('442','Virginia','virginia',NULL,NULL,NULL,NULL,NULL,NULL),('443','Seton Hall','setonhall',NULL,NULL,NULL,NULL,NULL,NULL),('444','St. Petersburg, Russia','stpetersburgrussia',NULL,NULL,NULL,NULL,NULL,NULL),('445','Eastern Washington','easternwashington',NULL,NULL,NULL,NULL,NULL,NULL),('446','Michigan','michigan',NULL,NULL,NULL,NULL,NULL,NULL),('447','Clemson','clemson',NULL,NULL,NULL,NULL,NULL,NULL),('448','North Carolina','northcarolina',NULL,NULL,NULL,NULL,NULL,NULL),('449','Kentucky','kentucky',NULL,NULL,NULL,NULL,NULL,NULL),('450','Connecticut','connecticut',NULL,NULL,NULL,NULL,NULL,NULL),('451','Lisieux, France','lisieuxfrance',NULL,NULL,NULL,NULL,NULL,NULL),('452','Florida State','floridastate',NULL,NULL,NULL,NULL,NULL,NULL),('453','Louisiana State','louisianastate',NULL,NULL,NULL,NULL,NULL,NULL),('454','Syracuse','syracuse',NULL,NULL,NULL,NULL,NULL,NULL),('455','SW Atlanta Christian Academy (GA)','swatlantachristianacademyga',NULL,NULL,NULL,NULL,NULL,NULL),('456','Virginia Commonwealth','virginiacommonwealth',NULL,NULL,NULL,NULL,NULL,NULL),('457','Texas-El Paso','texaselpaso',NULL,NULL,NULL,NULL,NULL,NULL),('458','Indiana','indiana',NULL,NULL,NULL,NULL,NULL,NULL),('459','Wisconsin','wisconsin',NULL,NULL,NULL,NULL,NULL,NULL),('460','Notre Dame','notredame',NULL,NULL,NULL,NULL,NULL,NULL),('461','Oakland','oakland',NULL,NULL,NULL,NULL,NULL,NULL),('462','Arkansas','arkansas',NULL,NULL,NULL,NULL,NULL,NULL),('463','Washington','washington',NULL,NULL,NULL,NULL,NULL,NULL),('464','UCLA','ucla',NULL,NULL,NULL,NULL,NULL,NULL),('465','Cal Poly-S.L.O.','calpolyslo',NULL,NULL,NULL,NULL,NULL,NULL),('466','Villanova','villanova',NULL,NULL,NULL,NULL,NULL,NULL),('467','Murray State','murraystate',NULL,NULL,NULL,NULL,NULL,NULL),('468','Providence','providence',NULL,NULL,NULL,NULL,NULL,NULL),('469','Stanford','stanford',NULL,NULL,NULL,NULL,NULL,NULL),('470','Michigan State','michiganstate',NULL,NULL,NULL,NULL,NULL,NULL),('471','Memphis','memphis',NULL,NULL,NULL,NULL,NULL,NULL),('472','Georgia Tech','georgiatech',NULL,NULL,NULL,NULL,NULL,NULL),('473','St. Benedict\'s Prep (NJ)','stbenedictsprepnj',NULL,NULL,NULL,NULL,NULL,NULL),('474','Marquette','marquette',NULL,NULL,NULL,NULL,NULL,NULL),('475','Boston U.','bostonu',NULL,NULL,NULL,NULL,NULL,NULL),('476','Anadolu Efes','anadoluefes',NULL,NULL,NULL,NULL,NULL,NULL),('477','St. Vincent-St. Mary HS (OH)','stvincentstmaryhsoh',NULL,NULL,NULL,NULL,NULL,NULL),('478','Creighton','creighton',NULL,NULL,NULL,NULL,NULL,NULL),('479','Georgetown','georgetown',NULL,NULL,NULL,NULL,NULL,NULL),('480','Villanueva de la Serena, Spain','villanuevadelaserenaspain',NULL,NULL,NULL,NULL,NULL,NULL),('481','North Carolina State','northcarolinastate',NULL,NULL,NULL,NULL,NULL,NULL),('482','Northeastern','northeastern',NULL,NULL,NULL,NULL,NULL,NULL),('483','Colorado State','coloradostate',NULL,NULL,NULL,NULL,NULL,NULL),('484','Wurzburg, Germany','wurzburggermany',NULL,NULL,NULL,NULL,NULL,NULL),('485','South Carolina Upstate','southcarolinaupstate',NULL,NULL,NULL,NULL,NULL,NULL),('486','Louisiana Tech','louisianatech',NULL,NULL,NULL,NULL,NULL,NULL),('487','DePaul','depaul',NULL,NULL,NULL,NULL,NULL,NULL),('488','Morehead State','moreheadstate',NULL,NULL,NULL,NULL,NULL,NULL),('489','Boston College','bostoncollege',NULL,NULL,NULL,NULL,NULL,NULL),('490','Oregon State','oregonstate',NULL,NULL,NULL,NULL,NULL,NULL),('491','Tennessee','tennessee',NULL,NULL,NULL,NULL,NULL,NULL),('492','Westchester CC NY','westchesterccny',NULL,NULL,NULL,NULL,NULL,NULL),('493','Nevada-Las Vegas','nevadalasvegas',NULL,NULL,NULL,NULL,NULL,NULL),('494','Xavier','xavier',NULL,NULL,NULL,NULL,NULL,NULL),('495','Vanderbilt','vanderbilt',NULL,NULL,NULL,NULL,NULL,NULL),('496','Yavne, Israel','yavneisrael',NULL,NULL,NULL,NULL,NULL,NULL),('497','Tbilisi, Georgia','tbilisigeorgia',NULL,NULL,NULL,NULL,NULL,NULL),('498','Davidson','davidson',NULL,NULL,NULL,NULL,NULL,NULL),('499','Peoria Central HS (IL)','peoriacentralhsil',NULL,NULL,NULL,NULL,NULL,NULL),('4100','Cal State-Fullerton','calstatefullerton',NULL,NULL,NULL,NULL,NULL,NULL),('4101','Arizona State','arizonastate',NULL,NULL,NULL,NULL,NULL,NULL),('4102','Sao Carlos, Brazil','saocarlosbrazil',NULL,NULL,NULL,NULL,NULL,NULL),('4103','Gonzaga','gonzaga',NULL,NULL,NULL,NULL,NULL,NULL),('4104','Georgia','georgia',NULL,NULL,NULL,NULL,NULL,NULL),('4105','California-Los Angeles','californialosangeles',NULL,NULL,NULL,NULL,NULL,NULL),('4106','Prentiss HS (MS)','prentisshsms',NULL,NULL,NULL,NULL,NULL,NULL),('4107','South Carolina','southcarolina',NULL,NULL,NULL,NULL,NULL,NULL),('4108','Texas A&M','texasam',NULL,NULL,NULL,NULL,NULL,NULL),('4109','Sant\'Angelo Lodigiano, Italy','santangelolodigianoitaly',NULL,NULL,NULL,NULL,NULL,NULL),('4110','South Gwinnett HS (GA)','southgwinnetthsga',NULL,NULL,NULL,NULL,NULL,NULL),('4111','Oklahoma','oklahoma',NULL,NULL,NULL,NULL,NULL,NULL),('4112','Saint Louis','saintlouis',NULL,NULL,NULL,NULL,NULL,NULL),('4113','Utah','utah',NULL,NULL,NULL,NULL,NULL,NULL),('4114','Wyoming','wyoming',NULL,NULL,NULL,NULL,NULL,NULL),('4115','Alabama','alabama',NULL,NULL,NULL,NULL,NULL,NULL),('4116','Long Beach State','longbeachstate',NULL,NULL,NULL,NULL,NULL,NULL),('4117','Barcelona, Spain','barcelonaspain',NULL,NULL,NULL,NULL,NULL,NULL),('4118','Purdue','purdue',NULL,NULL,NULL,NULL,NULL,NULL),('4119','Ljubljana, Slovenia','ljubljanaslovenia',NULL,NULL,NULL,NULL,NULL,NULL),('4120','Fresno State','fresnostate',NULL,NULL,NULL,NULL,NULL,NULL),('4121','Central Florida','centralflorida',NULL,NULL,NULL,NULL,NULL,NULL),('4122','Kansas State','kansasstate',NULL,NULL,NULL,NULL,NULL,NULL),('4123','Marshall','marshall',NULL,NULL,NULL,NULL,NULL,NULL),('4124','Saint Mary\'s (CA)','saintmarysca',NULL,NULL,NULL,NULL,NULL,NULL),('4125','UNLV','unlv',NULL,NULL,NULL,NULL,NULL,NULL),('4126','New Mexico','newmexico',NULL,NULL,NULL,NULL,NULL,NULL),('4127','Weber State','weberstate',NULL,NULL,NULL,NULL,NULL,NULL),('4128','Greece','greece',NULL,NULL,NULL,NULL,NULL,NULL),('4129','Bosnia','bosnia',NULL,NULL,NULL,NULL,NULL,NULL),('4130','Belmont','belmont',NULL,NULL,NULL,NULL,NULL,NULL),('4131','Turkey','turkey',NULL,NULL,NULL,NULL,NULL,NULL),('4132','Saint Etienne, France','saintetiennefrance',NULL,NULL,NULL,NULL,NULL,NULL),('4133','Western Kentucky','westernkentucky',NULL,NULL,NULL,NULL,NULL,NULL),('4134','Norfolk State','norfolkstate',NULL,NULL,NULL,NULL,NULL,NULL),('4135','Spain','spain',NULL,NULL,NULL,NULL,NULL,NULL),('4136','Houston','houston',NULL,NULL,NULL,NULL,NULL,NULL),('4137','Wichita State','wichitastate',NULL,NULL,NULL,NULL,NULL,NULL),('4138','Pittsburgh','pittsburgh',NULL,NULL,NULL,NULL,NULL,NULL),('4139','Louisiana-Lafayette','louisianalafayette',NULL,NULL,NULL,NULL,NULL,NULL),('4140','Croatia','croatia',NULL,NULL,NULL,NULL,NULL,NULL),('4141','France','france',NULL,NULL,NULL,NULL,NULL,NULL),('4142','Lubumbashi, DR Congo','lubumbashidrcongo',NULL,NULL,NULL,NULL,NULL,NULL),('4143','Westchester HS (Los Angeles)','westchesterhslosangeles',NULL,NULL,NULL,NULL,NULL,NULL),('4144','Bowling Green','bowlinggreen',NULL,NULL,NULL,NULL,NULL,NULL),('4145','Tennessee State','tennesseestate',NULL,NULL,NULL,NULL,NULL,NULL),('4146','Dominquez H.S','dominquezhs',NULL,NULL,NULL,NULL,NULL,NULL),('4147','California-Santa Barbara','californiasantabarbara',NULL,NULL,NULL,NULL,NULL,NULL),('4148','Maryland','maryland',NULL,NULL,NULL,NULL,NULL,NULL),('4149','Valparaiso','valparaiso',NULL,NULL,NULL,NULL,NULL,NULL),('4150','Lehigh','lehigh',NULL,NULL,NULL,NULL,NULL,NULL),('4151','St. John\'s (NY)','stjohnsny',NULL,NULL,NULL,NULL,NULL,NULL),('4152','Illinois','illinois',NULL,NULL,NULL,NULL,NULL,NULL),('4153','Indiana Purdue-Indianapolis','indianapurdueindianapolis',NULL,NULL,NULL,NULL,NULL,NULL),('4154','San Diego State','sandiegostate',NULL,NULL,NULL,NULL,NULL,NULL),('4155','Paris, France','parisfrance',NULL,NULL,NULL,NULL,NULL,NULL),('4156','Bahia Blanca, Argentina','bahiablancaargentina',NULL,NULL,NULL,NULL,NULL,NULL),('4157','Skyline HS (TX)','skylinehstx',NULL,NULL,NULL,NULL,NULL,NULL),('4158','Brazzaville, Rep. of Congo','brazzavillerepofcongo',NULL,NULL,NULL,NULL,NULL,NULL),('4159','Utena, Lithuania','utenalithuania',NULL,NULL,NULL,NULL,NULL,NULL),('4160','Wisc.-Green Bay','wiscgreenbay',NULL,NULL,NULL,NULL,NULL,NULL),('4161','New Mexico State','newmexicostate',NULL,NULL,NULL,NULL,NULL,NULL),('4162','El Masnou, Spain','elmasnouspain',NULL,NULL,NULL,NULL,NULL,NULL),('4163','Kinna, Sweden','kinnasweden',NULL,NULL,NULL,NULL,NULL,NULL),('4164','South Dakota State','southdakotastate',NULL,NULL,NULL,NULL,NULL,NULL),('4165','Campbell','campbell',NULL,NULL,NULL,NULL,NULL,NULL),('4166','Vevey, Switzerland','veveyswitzerland',NULL,NULL,NULL,NULL,NULL,NULL),('4167','Miami (Fla.)','miamifla',NULL,NULL,NULL,NULL,NULL,NULL),('4168','Lodz, Poland','lodzpoland',NULL,NULL,NULL,NULL,NULL,NULL),('4169','Rouen, France','rouenfrance',NULL,NULL,NULL,NULL,NULL,NULL);
/*!40000 ALTER TABLE `prenba` ENABLE KEYS */;
UNLOCK TABLES;

--
-- Table structure for table `teams`
--

DROP TABLE IF EXISTS `teams`;
/*!40101 SET @saved_cs_client     = @@character_set_client */;
/*!40101 SET character_set_client = utf8 */;
CREATE TABLE `teams` (
  `TeamID` varchar(15) DEFAULT NULL,
  `TeamCity` varchar(25) DEFAULT NULL,
  `TeamName` varchar(25) DEFAULT NULL,
  `Team` varchar(50) DEFAULT NULL,
  `TeamAPIID` varchar(50) DEFAULT NULL,
  `Conference` varchar(10) DEFAULT NULL,
  `Division` varchar(20) DEFAULT NULL,
  `CoachID` varchar(5) DEFAULT NULL,
  `Roster` varchar(2000) DEFAULT NULL,
  `Arena` varchar(30) DEFAULT NULL,
  `Titles` varchar(1000) DEFAULT NULL,
  `ImageURL` varchar(500) DEFAULT NULL
) ENGINE=InnoDB DEFAULT CHARSET=latin1;
/*!40101 SET character_set_client = @saved_cs_client */;

--
-- Dumping data for table `teams`
--

LOCK TABLES `teams` WRITE;
/*!40000 ALTER TABLE `teams` DISABLE KEYS */;
INSERT INTO `teams` VALUES ('1610612737','Atlanta','Hawks','Atlanta Hawks','atlantahawks','East','Southeast','310','tylerdorsey,marcobelinelli,malcolmdelaney,ersanilyasova,lukebabbitt,joshmagette,taureanprince,dewaynededmon,nicolasbrussino,dennisschroder,milesplumlee,johncollins,isaiahtaylor,kentbazemore,mikemuscala,deandrebembry',NULL,NULL,'http://content.sportslogos.net/logos/6/220/full/9168_atlanta_hawks-primary-2016.png'),('1610612738','Boston','Celtics','Boston Celtics','bostonceltics','East','Atlantic','311','jaysontatum,jaylenbrown,shanelarkin,kyrieirving,terryrozier,marcusmorris,gordonhayward,jabaribird,danieltheis,abdelnader,guerschonyabusele,marcussmart,semiojeleye,alhorford,kadeemallen,aronbaynes',NULL,NULL,NULL),('1610612751','Brooklyn','Nets','Brooklyn Nets','brooklynnets','East','Atlantic','312','yakubaouattara,dangelorussell,seankilpatrick,jeremylin,spencerdinwiddie,demarrecarroll,joeharris,quincyacy,isaiahwhitehead,timofeymozgov,jacobwiley,carislevert,rondaehollisjefferson,jarrettallen,allencrabbe,trevorbooker,tylerzeller',NULL,NULL,NULL),('1610612766','Charlotte','Hornets','Charlotte Hornets','charlottehornets','East','Southeast','313','malikmonk,marvinwilliams,jeremylamb,marcuspaige,nicolasbatum,dwaynebacon,johnnyobryantiii,mangokmathiang,michaelcarterwilliams,dwighthoward,michaelkiddgilchrist,kembawalker,treveongraham,julyanstone,codyzeller,frankkaminsky',NULL,NULL,NULL),('1610612741','Chicago','Bulls','Chicago Bulls','chicagobulls','East','Central','314','jeriangrant,kayfelder,bobbyportis,cristianofelicio,justinholiday,zachlavine,antonioblakeney,davidnwaba,ryanarcidiacono,paulzipser,quincypondexter,cameronpayne,laurimarkkanen,krisdunn,robinlopez,nikolamirotic,denzelvalentine',NULL,NULL,NULL),('1610612739','Cleveland','Cavaliers','Cleveland Cavaliers','clevelandcavaliers','East','Central','315','kevinlove,derrickrose,isaiahthomas,imanshumpert,jrsmith,channingfrye,dwyanewade,johnholland,tristanthompson,londonperrantes,cediosman,lebronjames,kylekorver,jeffgreen,antezizic,josecalderon,jaecrowder',NULL,NULL,NULL),('1610612742','Dallas','Mavericks','Dallas Mavericks','dallasmavericks','West','Southwest','316','dennissmithjr,nerlensnoel,jjbarea,johnathanmotley,dwightpowell,gianclavell,dorianfinneysmith,yogiferrell,joshmcroberts,jeffwithey,wesleymatthews,sethcurry,devinharris,harrisonbarnes,dirknowitzki,maxikleber,salahmejri',NULL,NULL,NULL),('1610612743','Denver','Nuggets','Denver Nuggets','denvernuggets','West','Northwest','317','darrellarthur,emmanuelmudiay,torreycraig,paulmillsap,willbarton,treylyles,montemorris,garyharris,nikolajokic,tylerlydon,wilsonchandler,richardjefferson,masonplumlee,malikbeasley,jamalmurray,kennethfaried,juanhernangomez',NULL,NULL,NULL),('1610612765','Detroit','Pistons','Detroit Pistons','detroitpistons','East','Central','318','andredrummond,reggiejackson,lukekennard,stanleyjohnson,henryellenson,langstongalloway,ishsmith,dwightbuycks,averybradley,ericmoreland,reggiebullock,jonleuer,tobiasharris,anthonytolliver,luismontero,bobanmarjanovic',NULL,NULL,NULL),('1610612744','Golden State','Warriors','Golden State Warriors','goldenstatewarriors','West','Pacific','319','patrickmccaw,javalemcgee,jordanbell,davidwest,quinncook,kevonlooney,nickyoung,andreiguodala,klaythompson,damianjones,omricasspi,draymondgreen,chrisboucher,zazapachulia,stephencurry,shaunlivingston,kevindurant',NULL,NULL,NULL),('1610612745','Houston','Rockets','Houston Rockets','houstonrockets','West','Southwest','320','trevorariza,demetriusjackson,chrispaul,pjtucker,troywilliams,bobbybrown,zhouqi,ericgordon,lucmbahamoute,jamesharden,clintcapela,chinanuonuaku,tarikblack,ryananderson,nene',NULL,NULL,NULL),('1610612754','Indiana','Pacers','Indiana Pacers','indianapacers','East','Central','321','alexpoythress,lancestephenson,darrencollison,joeyoung,victoroladipo,edmondsumner,coryjoseph,domantassabonis,damienwilkins,ikeanigbogu,thaddeusyoung,tjleaf,aljefferson,mylesturner,glennrobinsoniii,bojanbogdanovic',NULL,NULL,NULL),('1610612746','LA','Clippers','LA Clippers','laclippers','West','Pacific','322','sindariusthornwell,jawunevans,milosteodosic,montrezlharrell,deandrejordan,samdekker,danilogallinari,cjwilliams,bricejohnson,jamilwilson,patrickbeverley,louwilliams,austinrivers,blakegriffin,wesleyjohnson,williereed',NULL,NULL,NULL),('1610612747','Los Angeles','Lakers','Los Angeles Lakers','losangeleslakers','West','Pacific','323','kylekuzma,kentaviouscaldwellpope,lonzoball,coreybrewer,alexcaruso,joshhart,jordanclarkson,larrynancejr,luoldeng,tylerennis,brooklopez,brandoningram,vanderblue,juliusrandle,thomasbryant,ivicazubac,andrewbogut',NULL,NULL,NULL),('1610612763','Memphis','Grizzlies','Memphis Grizzlies','memphisgrizzlies','West','Southwest','324','jamychalgreen,jarellmartin,kobisimmons,andrewharrison,mariochalmers,wayneselden,jamesennisiii,ivanrabb,mikeconley,tyrekeevans,deyontadavis,benmclemore,dillonbrooks,chandlerparsons,vincehunter,marcgasol,brandanwright',NULL,NULL,NULL),('1610612748','Miami','Heat','Miami Heat','miamiheat','East','Southeast','325','joshrichardson,wayneellington,ajhammons,gorandragic,tylerjohnson,kellyolynyk,dionwaiters,mattwilliamsjr,bamadebayo,derrickwaltonjr,okarowhite,jamesjohnson,rodneymcgruder,justisewinslow,hassanwhiteside,jordanmickey,udonishaslem',NULL,NULL,NULL),('1610612749','Milwaukee','Bucks','Milwaukee Bucks','milwaukeebucks','East','Central','326','garypaytonii,jasonterry,djwilson,thonmaker,matthewdellavedova,jabariparker,malcolmbrogdon,gregmonroe,rashadvaughn,tonysnell,khrismiddleton,sterlingbrown,joelbolomboy,deandreliggins,johnhenson,giannisantetokounmpo,mirzateletovic',NULL,NULL,NULL),('1610612750','Minnesota','Timberwolves','Minnesota Timberwolves','minnesotatimberwolves','West','Northwest','327','jeffteague,tyusjones,anthonybrown,gorguidieng,nemanjabjelica,jamalcrawford,marcusgeorgeshunt,shabazzmuhammad,andrewwiggins,jimmybutler,justinpatton,aaronbrooks,karlanthonytowns,colealdrich,tajgibson',NULL,NULL,NULL),('1610612740','New Orleans','Pelicans','New Orleans Pelicans','neworleanspelicans','West','Southwest','328','demarcuscousins,jameernelson,ianclark,omerasik,charlescooke,rajonrondo,jrueholiday,jalenjones,cheickdiallo,frankjackson,dariusmiller,anthonydavis,tonyallen,dantecunningham,alexisajinca,solomonhill,etwaunmoore',NULL,NULL,NULL),('1610612752','New York','Knicks','New York Knicks','newyorkknicks','East','Atlantic','329','eneskanter,ramonsessions,lukekornet,timhardawayjr,isaiahhicks,courtneylee,kristapsporzingis,michaelbeasley,kyleoquinn,frankntilikina,joakimnoah,willyhernangomez,dougmcdermott,damyeandotson,ronbaker,lancethomas,jarrettjack,mindaugaskuzminskas',NULL,NULL,NULL),('1610612760','Oklahoma City','Thunder','Oklahoma City Thunder','oklahomacitythunder','West','Northwest','330','russellwestbrook,raymondfelton,nickcollison,carmeloanthony,alexabrines,jeramigrant,stevenadams,paulgeorge,kylesingler,andreroberson,terranceferguson,danielhamilton,joshhuestis,pjdozier,dakarijohnson,patrickpatterson',NULL,NULL,NULL),('1610612753','Orlando','Magic','Orlando Magic','orlandomagic','East','Southeast','331','jamelartis,aarongordon,jonathanisaac,elfridpayton,arronafflalo,marreesespeights,shelvinmack,mariohezonja,nikolavucevic,evanfournier,bismackbiyombo,djaugustin,jonathonsimmons,khembirch,wesiwundu,terrenceross,adreianpayne',NULL,NULL,NULL),('1610612755','Philadelphia','76ers','Philadelphia 76ers','philadelphiaers','East','Atlantic','332','jerrydbayless,jacobpullen,justinanderson,amirjohnson,timotheluwawucabarrot,jahlilokafor,dariosaric,nikstauskas,tjmcconnell,jamesmichaelmcadoo,jjredick,markellefultz,joelembiid,richaunholmes,bensimmons,furkankorkmaz,robertcovington',NULL,NULL,NULL),('1610612756','Phoenix','Suns','Phoenix Suns','phoenixsuns','West','Pacific','333','marquesechriss,devinbooker,ericbledsoe,jareddudley,tysonchandler,tylerulis,derrickjonesjr,brandonknight,tjwarren,alanwilliams,joshjackson,alexlen,alecpeters,troydaniels,davonreed,draganbender,mikejames',NULL,NULL,NULL),('1610612757','Portland','Trail Blazers','Portland Trail Blazers','portlandtrailblazers','West','Northwest','334','damianlillard,evanturner,wadebaldwiniv,cjmccollum,mauriceharkless,patconnaughton,shabazznapier,alfarouqaminu,jakelayman,meyersleonard,eddavis,noahvonleh,cjwilcox,jusufnurkic,zachcollins,calebswanigan',NULL,NULL,NULL),('1610612758','Sacramento','Kings','Sacramento Kings','sacramentokings','West','Pacific','335','williecauleystein,georgehill,deaaronfox,skallabissiere,bogdanbogdanovic,frankmason,georgiospapagiannis,vincecarter,garretttemple,harrygiles,malachirichardson,buddyhield,justinjackson,jakarrsampson,kostakoufos,jackcooley,zachrandolph',NULL,NULL,NULL),('1610612759','San Antonio','Spurs','San Antonio Spurs','sanantoniospurs','West','Southwest','336','kyleanderson,kawhileonard,brandonpaul,derrickwhite,dejountemurray,pattymills,tonyparker,mattcostello,brynforbes,lamarcusaldridge,dannygreen,paugasol,manuginobili,rudygay,darrunhilliard,davisbertans,joffreylauvergne',NULL,NULL,NULL),('1610612761','Toronto','Raptors','Toronto Raptors','torontoraptors','East','Atlantic','337','cjmiles,oganunoby,lorenzobrown,brunocaboclo,kylelowry,sergeibaka,demarderozan,malcolmmiller,jonasvalanciunas,fredvanvleet,normanpowell,alfonzomckinnie,jakobpoeltl,pascalsiakam,delonwright,lucasnogueira',NULL,NULL,NULL),('1610612762','Utah','Jazz','Utah Jazz','utahjazz','West','Northwest','338','joeingles,rickyrubio,rodneyhood,joejohnson,jonasjerebko,alecburks,danteexum,tonybradley,derrickfavors,natewolters,ericgriffin,thabosefolosha,royceoneale,raulneto,rudygobert,ekpeudoh,donovanmitchell',NULL,NULL,NULL),('1610612764','Washington','Wizards','Washington Wizards','washingtonwizards','East','Southeast','339','chrismccullough,johnwall,bradleybeal,mikeyoung,markieffmorris,devinrobinson,timfrazier,sheldonmac,kellyoubrejr,marcingortat,jasonsmith,jodiemeeks,carrickfelix,ottoporterjr,ianmahinmi,mikescott,tomassatoransky',NULL,NULL,NULL);
/*!40000 ALTER TABLE `teams` ENABLE KEYS */;
UNLOCK TABLES;
/*!40103 SET TIME_ZONE=@OLD_TIME_ZONE */;

/*!40101 SET SQL_MODE=@OLD_SQL_MODE */;
/*!40014 SET FOREIGN_KEY_CHECKS=@OLD_FOREIGN_KEY_CHECKS */;
/*!40014 SET UNIQUE_CHECKS=@OLD_UNIQUE_CHECKS */;
/*!40101 SET CHARACTER_SET_CLIENT=@OLD_CHARACTER_SET_CLIENT */;
/*!40101 SET CHARACTER_SET_RESULTS=@OLD_CHARACTER_SET_RESULTS */;
/*!40101 SET COLLATION_CONNECTION=@OLD_COLLATION_CONNECTION */;
/*!40111 SET SQL_NOTES=@OLD_SQL_NOTES */;

-- Dump completed on 2017-10-24 16:56:23
